11/03/2004;13.00.00;1,9;1286;63;7,3;869;146;1162;112;1537;799;8,3;76,4;0,8393
12/03/2004;19.00.00;3,7;1525;242;18,2;1246;202;821;145;1847;1448;14,4;43,4;0,7084
13/03/2004;04.00.00;-200;1147;56;6,2;821;109;1132;83;1412;992;7;71,1;0,7158
13/03/2004;10.00.00;3,2;1447;160;12,9;1081;250;869;126;1667;1465;12,4;51,2;0,7335
13/03/2004;19.00.00;4,2;1609;258;19,6;1286;277;758;165;1922;1612;15,8;42,4;0,7569
13/03/2004;22.00.00;3,1;1444;180;13,1;1089;214;844;143;1748;1624;14,6;48,6;0,806
14/03/2004;10.00.00;2,2;1332;129;8,6;923;144;952;98;1614;1225;14,5;53,1;0,8728
15/03/2004;02.00.00;1,8;1224;66;7;855;108;998;88;1566;1149;13,4;61,3;0,9361
15/03/2004;04.00.00;-200;1078;44;4;711;66;1150;71;1468;1013;12,3;65,4;0,9351
15/03/2004;07.00.00;2,2;1314;107;9,7;966;228;897;89;1710;1235;11,3;70,2;0,9401
15/03/2004;08.00.00;5,5;1797;336;25,9;1451;360;652;114;2323;1680;12,4;63,9;0,917
15/03/2004;22.00.00;3,2;1439;224;15,3;1159;193;764;125;1856;1494;15,7;60,2;1,0654
16/03/2004;10.00.00;5,3;1735;437;25,1;1431;396;628;150;2211;1843;17,8;42,9;0,8672
16/03/2004;17.00.00;2,9;1389;199;15,8;1173;190;898;133;1739;1363;28;19,1;0,7098
16/03/2004;21.00.00;5,1;1800;349;24,9;1426;317;700;177;2106;2034;19;41,3;0,9007
17/03/2004;05.00.00;0,5;869;11;1,6;554;28;1460;40;1268;667;11,8;58;0,8026
18/03/2004;06.00.00;0,7;938;26;3;650;68;1251;71;1333;893;10,9;62,1;0,8113
18/03/2004;22.00.00;2,1;1333;-200;10,3;989;129;885;121;1621;1194;14,5;57,8;0,9456
19/03/2004;05.00.00;0,5;913;-200;1,3;525;18;1620;28;1260;370;12,5;66,8;0,962
20/03/2004;07.00.00;1,1;1064;-200;4,3;728;115;1161;91;1461;842;13,5;58,4;0,896
20/03/2004;13.00.00;2,6;1495;-200;11,7;1040;168;809;105;1735;1373;17,1;47,9;0,9281
20/03/2004;15.00.00;1,7;1305;-200;7,6;884;95;980;87;1573;927;19,5;42,3;0,9476
20/03/2004;19.00.00;3,5;1633;-200;16,6;1199;215;734;136;1919;1417;17,4;51,6;1,0159
23/03/2004;11.00.00;3;1308;325;15,5;1166;220;792;131;1794;1236;12,8;55,8;0,821
25/03/2004;14.00.00;1,9;1038;168;8,2;907;106;976;81;1492;723;14,2;46,3;0,7438
25/03/2004;19.00.00;5,2;1443;797;24,6;1418;253;666;141;2060;1454;13,4;47,8;0,7293
25/03/2004;20.00.00;4,6;1389;698;21,6;1341;231;692;133;1982;1488;12,6;52,5;0,7642
25/03/2004;21.00.00;2,5;1183;234;10,3;989;150;904;119;1539;1205;12,2;53,2;0,7555
25/03/2004;23.00.00;1,2;979;67;4,5;736;75;1154;92;1324;769;9,9;59,5;0,7276
26/03/2004;13.00.00;2,3;1106;211;12,5;1068;116;915;99;1535;874;19,1;26,2;0,5741
26/03/2004;17.00.00;2,3;1180;247;11,2;1023;127;886;102;1588;966;14,2;43,3;0,6982
27/03/2004;09.00.00;1,8;1163;128;8,5;919;128;922;84;1530;1076;11,1;50,5;0,6654
27/03/2004;10.00.00;2,1;1167;184;9,7;966;129;942;93;1520;1016;15,5;36,1;0,6313
27/03/2004;15.00.00;1,9;1046;150;7,6;883;113;1051;101;1357;765;17,8;28,4;0,5737
27/03/2004;21.00.00;2,2;1148;231;8,8;930;140;948;107;1475;1056;12,5;48,1;0,6946
28/03/2004;03.00.00;2,2;1151;129;8,3;911;-200;935;-200;1501;1075;8,2;66,7;0,7276
28/03/2004;10.00.00;2,3;1218;193;9;938;128;918;94;1501;1088;16,8;36,9;0,7018
28/03/2004;11.00.00;2,3;1210;188;9,5;958;126;933;96;1514;1036;19,2;31,3;0,6887
28/03/2004;12.00.00;1,8;1114;151;7,7;887;92;1020;86;1438;768;21,3;26,4;0,6607
28/03/2004;17.00.00;1,3;993;93;4,1;714;77;1217;75;1238;516;17;31,4;0,6048
29/03/2004;02.00.00;0,5;840;23;1,1;509;22;1643;38;1076;352;10,4;46,6;0,5901
29/03/2004;06.00.00;0,9;946;40;2,9;643;76;1309;75;1232;760;9,9;50,7;0,6167
29/03/2004;09.00.00;1,5;966;147;5,5;786;118;1111;98;1258;705;11,8;37,6;0,5184
29/03/2004;15.00.00;1,4;962;155;5,2;776;102;1131;81;1247;535;18,2;26,1;0,5387
30/03/2004;10.00.00;4,7;1565;735;21;1324;320;695;159;1872;1688;17,9;28,2;0,5741
30/03/2004;12.00.00;3,7;1419;586;18,9;1267;219;742;138;1763;1490;20,8;22,5;0,5463
30/03/2004;13.00.00;3,4;1373;546;17,1;1213;200;791;128;1711;1354;22,4;20;0,5352
30/03/2004;22.00.00;1,2;1053;68;3,8;701;68;1147;81;1323;692;15,1;44,6;0,7574
01/04/2004;20.00.00;4,9;1536;655;20,2;1302;269;666;161;1922;1599;18,3;40,9;0,8493
02/04/2004;16.00.00;2,6;1248;297;13,6;1103;143;872;122;1632;1002;27,6;22,8;0,8288
03/04/2004;23.00.00;-200;1316;-200;9,3;952;-200;847;-200;1644;1047;17,5;53,8;1,0648
04/04/2004;03.00.00;-200;1124;-200;5,6;793;-200;965;-200;1521;791;14,7;65;1,0766
04/04/2004;13.00.00;-200;1160;-200;7,1;860;-200;969;-200;1531;646;25,6;32,1;1,0393
04/04/2004;14.00.00;-200;1136;-200;5,6;792;-200;1057;-200;1476;536;25,8;31,1;1,0143
04/04/2004;17.00.00;-200;1296;-200;10,1;983;-200;845;-200;1626;802;23;36,2;1,0053
05/04/2004;10.00.00;3,1;1461;424;14,3;1127;236;703;124;1836;1451;15,6;57,4;1,0075
05/04/2004;11.00.00;3;1430;339;13,7;1107;228;713;121;1853;1409;16,6;55,2;1,0382
05/04/2004;18.00.00;4,1;1543;710;19,8;1290;194;631;132;2011;1353;19,7;45,4;1,0312
06/04/2004;02.00.00;0,5;933;40;1,5;547;25;1357;39;1336;542;15;59,2;1,0059
06/04/2004;07.00.00;4,5;1664;599;24,1;1407;329;594;134;2198;1564;15,3;55,2;0,9538
07/04/2004;02.00.00;0,4;830;30;1,4;538;21;1475;30;1214;392;15,6;44,4;0,7827
07/04/2004;04.00.00;0,3;804;30;0,7;468;12;1826;19;1166;320;15,7;45,4;0,8063
07/04/2004;10.00.00;1,6;1087;196;7,4;876;112;911;96;1554;737;16,1;53,1;0,9675
09/04/2004;06.00.00;1,5;-200;150;-200;-200;169;-200;86;-200;-200;-200;-200;-200
09/04/2004;15.00.00;3,4;-200;337;-200;-200;243;-200;137;-200;-200;-200;-200;-200
09/04/2004;19.00.00;3,4;-200;303;-200;-200;197;-200;137;-200;-200;-200;-200;-200
09/04/2004;22.00.00;2,4;-200;160;-200;-200;175;-200;102;-200;-200;-200;-200;-200
10/04/2004;05.00.00;1;970;89;4;708;81;1121;55;1435;842;10,2;73,4;0,9129
10/04/2004;11.00.00;2,1;1063;114;7,5;877;115;971;89;1481;811;18;38,4;0,7862
10/04/2004;13.00.00;1,5;936;94;6,4;829;90;1054;88;1336;607;19,9;26,7;0,6137
11/04/2004;00.00.00;1,4;1028;84;5,1;770;75;1047;84;1326;913;11,2;56,2;0,7469
11/04/2004;10.00.00;1,6;1053;94;6,2;823;87;1040;77;1386;810;17,4;35,4;0,699
11/04/2004;22.00.00;1,1;924;61;2,9;648;63;1272;74;1186;465;14,5;39;0,6428
12/04/2004;15.00.00;1,2;1025;78;3,6;689;89;1189;77;1325;519;11,4;61,2;0,8236
13/04/2004;03.00.00;0,4;868;32;1,3;530;-200;1482;-200;1215;384;10,6;63,1;0,8068
14/04/2004;12.00.00;2,1;1122;238;10,4;993;132;859;95;1571;993;18,4;34,2;0,7185
15/04/2004;08.00.00;-200;1508;-200;22,1;1355;-200;609;-200;2034;1623;11,6;58,7;0,7999
16/04/2004;01.00.00;1,9;1189;110;6,7;844;96;887;93;1566;1049;13,4;69,6;1,0688
16/04/2004;20.00.00;6;1535;706;19,9;1295;307;627;140;2039;1380;13,8;78;1,2229
17/04/2004;12.00.00;-200;984;-200;5;763;-200;1054;-200;1472;641;18,8;50,1;1,0769
17/04/2004;17.00.00;-200;970;-200;5;763;-200;1043;-200;1462;608;17,9;49,9;1,0135
17/04/2004;23.00.00;-200;1297;-200;10,7;1003;-200;798;-200;1700;1177;16,9;54,8;1,0455
18/04/2004;12.00.00;-200;1097;-200;5,3;779;-200;980;-200;1565;803;15,5;67,4;1,178
18/04/2004;16.00.00;-200;1163;-200;7;859;-200;921;-200;1603;783;17,4;58,9;1,1567
19/04/2004;07.00.00;-200;1399;-200;16,5;1195;-200;680;-200;1976;1308;15,4;64,2;1,1123
19/04/2004;10.00.00;-200;990;-200;6,8;846;-200;947;-200;1503;715;19,5;43,3;0,9706
19/04/2004;12.00.00;-200;1105;-200;10,9;1010;-200;811;-200;1709;947;18;46,7;0,9569
19/04/2004;17.00.00;-200;1186;-200;11,8;1042;-200;808;-200;1684;1038;10;80,5;0,9853
19/04/2004;19.00.00;-200;1032;-200;7,9;895;-200;921;-200;1508;879;10,7;71,5;0,9197
19/04/2004;21.00.00;-200;930;-200;4,6;745;-200;1085;-200;1391;712;10,8;68,2;0,8806
20/04/2004;10.00.00;-200;1348;-200;17,1;1214;-200;678;-200;1874;1509;16;56,3;1,0185
21/04/2004;09.00.00;-200;1396;-200;20;1296;-200;619;-200;1991;1628;17;50,2;0,9646
21/04/2004;23.00.00;-200;1020;-200;7,1;863;-200;933;-200;1492;1074;18,8;45,8;0,9855
22/04/2004;04.00.00;-200;819;-200;1,7;565;-200;1295;-200;1316;694;13,3;62,6;0,9498
22/04/2004;05.00.00;-200;834;-200;2,2;596;-200;1276;-200;1335;727;13,4;59,5;0,9097
22/04/2004;20.00.00;-200;1387;-200;22,4;1361;-200;701;-200;1932;1505;22;34,8;0,908
23/04/2004;01.00.00;-200;1000;-200;6,6;839;-200;958;-200;1467;1024;16,3;49,7;0,916
23/04/2004;16.00.00;4,6;1497;698;25,8;1449;281;679;186;1985;1532;29,5;20,1;0,8136
24/04/2004;01.00.00;2,6;1349;251;13,4;1097;148;707;100;1763;1442;16,1;57,4;1,0451
24/04/2004;08.00.00;2,5;1311;305;15;1147;166;681;86;1838;1351;16,7;51,9;0,9788
24/04/2004;14.00.00;2;1338;215;11;1016;98;798;95;1766;1194;24,3;41,8;1,2561
25/04/2004;02.00.00;1;931;61;3,6;689;63;1161;73;1317;503;12,7;58,7;0,8605
25/04/2004;16.00.00;1,3;931;64;4,5;739;83;1274;74;1219;474;20,2;24,1;0,563
26/04/2004;05.00.00;0,4;809;21;1,2;521;35;1575;44;1158;378;13,9;43,9;0,6923
28/04/2004;19.00.00;5,4;1724;816;28,3;1510;222;562;155;2252;1716;23,1;42,2;1,1746
29/04/2004;02.00.00;0,6;926;60;2,8;639;34;1115;54;1409;814;15,9;60,1;1,0806
30/04/2004;02.00.00;1,2;1097;91;5,9;809;80;897;74;1628;1050;15,7;78,4;1,3917
30/04/2004;03.00.00;1;1054;71;5;761;-200;963;-200;1598;965;15,7;77,4;1,3683
30/04/2004;07.00.00;3;1458;345;18,3;1249;213;662;111;2033;1380;16,6;68,2;1,2737
30/04/2004;17.00.00;4,5;1487;454;19,2;1274;215;641;110;2133;1471;21;54,3;1,3353
01/05/2004;00.00.00;3,5;1425;275;15,2;1155;185;709;110;1936;1789;17,8;66,8;1,346
01/05/2004;05.00.00;0,6;858;-200;2,6;624;24;1205;32;1434;543;16,7;67,1;1,2619
02/05/2004;00.00.00;2,3;1167;-200;8,4;914;105;876;99;1599;1126;17,2;59,3;1,1551
02/05/2004;10.00.00;1,6;1085;-200;8,5;918;89;890;79;1639;871;21,3;44,7;1,1157
03/05/2004;10.00.00;2,5;1222;-200;12,9;1080;201;742;111;1755;1366;21,4;45;1,1291
03/05/2004;23.00.00;1,5;1135;-200;6,7;842;84;872;83;1653;973;18,9;62,5;1,3521
04/05/2004;04.00.00;-200;881;-200;1,5;546;21;1335;28;1465;458;15,6;81;1,4216
05/05/2004;08.00.00;-200;1449;-200;22;1350;-200;571;-200;2264;1452;16,4;70,8;1,3088
05/05/2004;22.00.00;1,1;861;-200;3,7;695;56;1130;67;1438;500;13,9;72,5;1,1502
05/05/2004;23.00.00;1,5;969;-200;4,9;760;81;1059;83;1518;560;12;79,8;1,1175
06/05/2004;07.00.00;2,9;1204;-200;16,8;1205;193;729;101;1984;1139;14,7;58,5;0,9688
06/05/2004;09.00.00;3,4;1176;-200;16,4;1191;220;705;130;1836;1217;17,9;46,1;0,9388
06/05/2004;13.00.00;1,8;991;-200;8,9;937;91;874;75;1581;644;15,1;54,5;0,9309
07/05/2004;09.00.00;3,4;1164;-200;15;1148;224;741;127;1824;1130;16;50,9;0,9211
08/05/2004;07.00.00;-200;995;-200;5,9;808;-200;1028;-200;1479;685;10,3;75,6;0,9458
08/05/2004;09.00.00;-200;1079;-200;7,7;885;-200;884;-200;1588;974;13,6;66,1;1,0236
08/05/2004;12.00.00;-200;1213;-200;11,1;1018;-200;760;-200;1778;1061;13,3;76,8;1,1703
10/05/2004;01.00.00;-200;875;-200;3;654;-200;1172;-200;1375;683;14,9;57,6;0,9684
10/05/2004;06.00.00;-200;1118;-200;9,8;970;-200;837;-200;1705;1019;13,4;67,4;1,0292
10/05/2004;10.00.00;2,5;1132;-200;13,4;1096;178;731;107;1808;1186;20;45;1,0379
11/05/2004;04.00.00;-200;807;-200;1,8;571;46;1305;53;1335;704;11,4;70,5;0,9484
11/05/2004;20.00.00;5;1535;-200;26,1;1458;269;568;159;2120;1735;21,1;40,2;0,997
12/05/2004;12.00.00;3,3;1452;-200;22,7;1371;207;576;117;2138;1622;21,9;43,3;1,1265
13/05/2004;06.00.00;1;975;-200;4,5;736;86;1069;85;1459;611;15,9;55,3;0,991
13/05/2004;15.00.00;2,1;1084;-200;9,8;970;132;818;98;1626;845;19,5;45,5;1,0189
13/05/2004;23.00.00;3,3;1300;-200;17,4;1221;197;648;123;1946;1401;17,5;56,4;1,1175
14/05/2004;05.00.00;1,2;983;-200;6,5;833;116;894;102;1524;1012;16;58,3;1,0481
14/05/2004;15.00.00;2,1;1042;-200;11,4;1029;123;907;103;1540;879;28,4;20,2;0,7697
15/05/2004;05.00.00;0,5;839;-200;2,8;638;33;1171;44;1271;643;15,7;46,9;0,8329
16/05/2004;10.00.00;2;1053;-200;9,8;970;138;930;105;1473;991;25,5;21,1;0,677
16/05/2004;17.00.00;1,9;1248;-200;10,1;982;95;880;107;1617;746;30,4;26,5;1,1347
16/05/2004;21.00.00;1,6;1093;-200;7;858;96;975;95;1495;816;22,9;37;1,0197
16/05/2004;23.00.00;1,4;934;-200;5,6;795;88;1098;93;1328;673;20,3;28,5;0,6686
17/05/2004;10.00.00;1,7;988;-200;8,5;918;141;1007;94;1393;850;22,3;24,1;0,6394
17/05/2004;20.00.00;3;1094;-200;12,7;1072;170;888;122;1545;1105;22;24;0,6263
18/05/2004;11.00.00;1,9;1138;-200;11;1015;140;854;103;1604;1115;27,4;22,8;0,8219
18/05/2004;15.00.00;2,3;1208;-200;13,8;1111;133;783;127;1653;1018;32,2;18,9;0,8964
18/05/2004;17.00.00;3;1346;-200;19,3;1278;141;701;130;1873;1193;30,9;20,5;0,8996
19/05/2004;11.00.00;2,1;1156;-200;11,5;1034;154;813;122;1640;1123;27,7;26,3;0,9652
19/05/2004;14.00.00;2,1;1208;-200;13;1083;121;792;118;1702;891;31;22,6;1,0012
20/05/2004;04.00.00;-200;877;-200;1,6;549;14;1265;26;1317;463;19,6;47,7;1,0736
20/05/2004;16.00.00;2,2;1248;-200;13,7;1108;145;772;138;1701;969;32,6;19,3;0,935
20/05/2004;21.00.00;2,9;1251;-200;13,4;1097;181;771;143;1680;1280;22,2;34,4;0,9072
21/05/2004;06.00.00;0,7;998;-200;7;856;65;894;62;1488;926;14,9;54,7;0,9203
21/05/2004;12.00.00;1,9;1234;-200;11,6;1037;120;788;106;1658;1037;29,7;23,7;0,9714
21/05/2004;20.00.00;3,5;1346;-200;17,5;1224;202;715;146;1794;1272;23,9;29,4;0,8589
22/05/2004;00.00.00;3,7;1424;-200;18;1240;194;662;126;1841;1427;19,1;41,9;0,9158
22/05/2004;20.00.00;1,8;1241;-200;10,9;1011;98;781;90;1748;1070;22,3;45,4;1,2088
23/05/2004;19.00.00;1,1;1085;-200;5,8;805;69;972;65;1528;718;25,3;36,3;1,1513
24/05/2004;09.00.00;1,3;898;-200;6,9;853;85;1066;56;1271;763;19,2;23,8;0,5235
25/05/2004;05.00.00;0,1;774;-200;1,7;560;45;1386;51;1107;532;11,6;40;0,5462
25/05/2004;12.00.00;2,1;1047;-200;13,5;1101;159;913;114;1391;1103;29,2;9,8;0,3914
25/05/2004;14.00.00;2,4;1162;-200;18,5;1253;173;796;138;1595;1248;32,6;9,3;0,4499
25/05/2004;23.00.00;-200;-200;-200;-200;-200;-200;-200;-200;-200;-200;-200;-200;-200
26/05/2004;11.00.00;1,8;1139;-200;13,8;1109;159;1118;135;1436;1292;28,8;21,1;0,8193
26/05/2004;23.00.00;-200;1101;-200;13,3;1093;-200;1012;-200;1564;1155;21,1;30,9;0,7617
28/05/2004;16.00.00;1,7;1039;-200;12,2;1055;131;966;117;1590;845;28;23,2;0,8613
28/05/2004;22.00.00;1;979;-200;7;857;97;1082;96;1546;797;19,8;46,8;1,0697
29/05/2004;00.00.00;1,8;1044;-200;9,2;946;138;1009;119;1594;886;19,3;46,3;1,0279
29/05/2004;12.00.00;0,9;894;-200;6;810;82;1204;74;1421;585;21,8;34,9;0,9004
29/05/2004;14.00.00;0,4;823;-200;3,8;699;59;1382;60;1311;493;22,9;31,3;0,862
30/05/2004;00.00.00;2,7;1035;-200;13,8;1110;148;907;125;1652;1044;18,5;39,4;0,832
30/05/2004;02.00.00;0,6;869;-200;6,5;835;61;1078;76;1437;807;19,2;42;0,9248
30/05/2004;13.00.00;0,1;771;-200;2,6;626;34;1502;41;1210;430;29,1;19,6;0,7771
30/05/2004;16.00.00;0,6;912;-200;6,2;819;65;1224;77;1368;589;30,3;17;0,7232
31/05/2004;01.00.00;0,3;855;-200;4,8;751;27;1107;46;1418;664;19,7;43,2;0,9812
31/05/2004;20.00.00;1,1;1020;-200;10,7;1003;97;904;96;1716;916;21,7;46,9;1,2044
01/06/2004;00.00.00;0,3;922;-200;4,7;750;46;1085;45;1585;685;18,6;75,7;1,6074
01/06/2004;14.00.00;1,6;1156;-200;13,5;1100;143;800;73;1884;1175;25,7;43,8;1,4262
02/06/2004;05.00.00;-200;792;-200;2,4;611;22;1280;23;1529;657;20;63,7;1,4742
02/06/2004;10.00.00;-200;1054;-200;8,9;936;86;915;54;1791;962;24,3;49;1,4724
03/06/2004;19.00.00;-200;1125;-200;19,5;1283;-200;792;-200;1899;1101;25,3;30;0,952
03/06/2004;20.00.00;-200;1058;-200;14,5;1134;-200;855;-200;1797;1034;24,1;34,8;1,0333
03/06/2004;22.00.00;-200;944;-200;7,8;891;-200;1016;-200;1593;844;22,1;43,9;1,1521
04/06/2004;05.00.00;-200;729;-200;1,2;520;-200;1570;-200;1318;445;19,2;51,1;1,124
04/06/2004;07.00.00;-200;1198;-200;17;1209;-200;779;-200;2058;1213;20,6;49;1,1748
05/06/2004;15.00.00;1,3;926;-200;7,3;868;80;1048;75;1599;687;27,6;35,1;1,2764
05/06/2004;23.00.00;1,7;1008;-200;8;900;55;907;67;1681;850;21,6;53,6;1,3674
06/06/2004;02.00.00;1,1;968;-200;6,6;840;47;891;58;1727;788;17,5;79,1;1,5709
06/06/2004;07.00.00;1;881;-200;5,2;776;63;1037;62;1623;677;18,3;66,5;1,381
07/06/2004;06.00.00;1,5;933;-200;9,6;962;167;867;76;1705;974;17,3;57,6;1,1289
07/06/2004;21.00.00;2;1004;-200;10,9;1011;108;867;116;1754;893;24,6;41,9;1,2752
08/06/2004;07.00.00;3,3;1201;-200;19,4;1279;309;683;100;2144;1338;19,5;57,7;1,2966
09/06/2004;07.00.00;3,5;1297;-200;22,3;1359;261;630;107;2214;1425;21,7;50,6;1,2981
09/06/2004;11.00.00;2,8;1224;-200;17,6;1228;189;711;159;1972;1380;34,7;25,9;1,4069
09/06/2004;17.00.00;3,5;1287;-200;21,6;1340;230;699;194;2008;1267;39,6;16,7;1,1867
09/06/2004;19.00.00;4,6;1357;-200;25,6;1445;295;620;206;2195;1622;33,7;27,7;1,4213
10/06/2004;04.00.00;-200;814;-200;3,3;673;33;1138;50;1488;647;20,1;57,3;1,3352
11/06/2004;17.00.00;2,6;1028;-200;15,2;1155;185;832;142;1691;925;35,4;14,7;0,8323
11/06/2004;19.00.00;3,4;1124;-200;19,7;1289;265;765;153;1863;1132;31,1;18,7;0,8302
11/06/2004;22.00.00;2,7;1072;-200;15;1148;180;805;127;1683;1171;25,3;24,6;0,7796
11/06/2004;23.00.00;1,3;936;-200;7,3;871;108;990;97;1430;921;24,9;27,2;0,8429
12/06/2004;00.00.00;1,3;988;-200;8,9;937;98;894;91;1543;1008;23,5;32,2;0,922
12/06/2004;02.00.00;0,6;839;-200;4,3;725;36;1052;52;1368;668;24,1;32;0,9467
12/06/2004;09.00.00;1,9;1123;-200;13,1;1088;157;746;92;1789;1191;24;36,6;1,0772
12/06/2004;15.00.00;1,2;1062;-200;8,6;924;69;892;76;1683;777;37;20,1;1,2423
13/06/2004;16.00.00;0,8;849;-200;2,6;628;53;1274;56;1379;453;22;41,7;1,0865
14/06/2004;00.00.00;0,7;785;-200;2;582;33;1377;45;1311;417;19,4;45,9;1,0242
14/06/2004;18.00.00;2,3;1000;-200;10,2;985;157;846;103;1726;879;23,5;41,2;1,1759
15/06/2004;00.00.00;1,2;886;-200;5,1;767;68;1055;79;1532;702;21,6;46;1,1742
15/06/2004;01.00.00;0,7;792;-200;2,8;637;31;1249;43;1400;559;21,6;45,8;1,1715
15/06/2004;03.00.00;0,4;732;-200;1;503;-200;1525;-200;1321;441;21;47,1;1,1546
15/06/2004;11.00.00;2,7;1114;-200;16;1181;180;747;115;1928;1129;30,3;26,9;1,1399
16/06/2004;14.00.00;2,2;1090;-200;14,1;1119;117;756;107;1811;902;32,4;25,7;1,2271
16/06/2004;16.00.00;2,3;1101;-200;12,2;1057;122;797;113;1772;863;33;26;1,2877
17/06/2004;04.00.00;-200;804;-200;3,3;668;32;1102;51;1479;753;18,8;58,6;1,2581
17/06/2004;14.00.00;1,7;1007;-200;9,8;971;120;866;106;1682;802;31,3;28,7;1,2885
18/06/2004;22.00.00;1,7;1062;-200;10,2;984;84;816;98;1796;842;25,2;46,6;1,4733
19/06/2004;14.00.00;1,2;-200;-200;-200;-200;56;-200;68;-200;-200;-200;-200;-200
20/06/2004;03.00.00;1,4;-200;-200;-200;-200;-200;-200;-200;-200;-200;-200;-200;-200
20/06/2004;12.00.00;1;-200;-200;-200;-200;43;-200;59;-200;-200;-200;-200;-200
21/06/2004;13.00.00;1,2;838;-200;7,2;868;66;1005;76;1454;540;30,1;18,5;0,7747
22/06/2004;02.00.00;0,4;758;-200;1,9;580;22;1215;36;1374;531;22,1;44,3;1,1665
23/06/2004;07.00.00;3,8;1252;-200;23,1;1380;305;579;117;2210;1462;20,5;52,3;1,245
23/06/2004;16.00.00;2,5;1111;-200;14,4;1131;171;735;137;1825;1085;34,3;22,4;1,1907
23/06/2004;23.00.00;3,2;1274;-200;16,6;1197;192;626;120;2023;1356;24,7;47,1;1,44
24/06/2004;07.00.00;1,2;1030;-200;6,9;851;102;824;68;1700;983;21,9;57;1,4742
24/06/2004;09.00.00;1,3;1020;-200;7,1;860;93;864;74;1649;875;27;40,8;1,4286
24/06/2004;22.00.00;3,2;1190;-200;16,8;1203;118;658;119;1967;1056;25,4;43,2;1,3805
25/06/2004;07.00.00;2,6;1138;-200;14,8;1141;199;671;104;1927;1197;21,5;51,8;1,3129
25/06/2004;09.00.00;2,8;1193;-200;14,6;1136;245;667;151;1924;1370;25,7;41;1,3351
25/06/2004;20.00.00;3,4;1062;-200;15,9;1176;230;763;140;1743;1121;28,1;22,4;0,8394
26/06/2004;05.00.00;0,4;769;-200;2,3;606;41;1171;58;1314;610;19,5;42,4;0,9515
26/06/2004;17.00.00;1,3;1010;-200;6,1;816;80;955;73;1567;741;34;26,4;1,3781
27/06/2004;04.00.00;0,8;869;-200;4,2;723;34;975;45;1522;789;23,2;52,3;1,4668
27/06/2004;06.00.00;0,6;833;-200;2,8;641;30;1088;44;1496;717;23,5;51,2;1,4634
27/06/2004;20.00.00;2;1095;-200;10,5;996;111;799;120;1695;934;32,7;27,7;1,3439
28/06/2004;04.00.00;0,4;838;-200;2,7;632;24;1079;39;1438;634;24;46,6;1,37
28/06/2004;09.00.00;4,6;1363;-200;24,2;1410;337;565;182;2199;1791;28,5;36,8;1,4128
29/06/2004;04.00.00;-200;850;-200;2,8;639;35;1048;57;1519;853;24,8;48;1,4857
30/06/2004;06.00.00;0,9;1009;-200;7,4;875;81;797;61;1738;1060;26,4;53,1;1,7987
30/06/2004;17.00.00;4,2;1388;-200;24,5;1418;287;568;226;2250;1913;38,8;24,2;1,6433
30/06/2004;19.00.00;4,9;1352;-200;23,3;1385;280;563;197;2205;1661;34;32,9;1,7251
01/07/2004;09.00.00;2,9;1276;-200;14,6;1138;246;628;134;2021;1430;28,2;47,1;1,7752
01/07/2004;17.00.00;2,9;1244;-200;17,3;1219;177;651;157;1949;1077;36,9;24,7;1,5134
01/07/2004;19.00.00;4,4;1364;-200;22,9;1376;235;580;179;2168;1356;32,5;30,9;1,4875
02/07/2004;03.00.00;0,8;873;-200;3,4;679;-200;1010;-200;1501;713;26,6;43;1,4773
02/07/2004;04.00.00;-200;874;-200;3,3;668;37;1043;54;1513;737;25,3;47,2;1,5025
02/07/2004;08.00.00;4,9;1529;-200;29;1526;300;476;149;2559;1763;27,4;45,5;1,6396
02/07/2004;22.00.00;2,1;1090;-200;12,7;1073;133;745;122;1693;1124;26,1;31,1;1,0338
03/07/2004;04.00.00;0,4;828;-200;2,8;639;27;1077;41;1371;573;22,6;43;1,1629
03/07/2004;06.00.00;0,7;914;-200;5,9;809;69;912;69;1530;807;20,5;49,3;1,176
03/07/2004;22.00.00;2;1125;-200;11,6;1035;122;728;109;1726;1150;26,7;35,8;1,2318
04/07/2004;22.00.00;1,3;1012;-200;7,4;876;89;853;87;1580;967;26;35,7;1,1842
05/07/2004;11.00.00;2,2;1059;-200;12,3;1060;204;798;147;1638;1141;34,1;19,1;1,0048
05/07/2004;12.00.00;2,2;1076;-200;12,2;1057;189;778;140;1633;1076;36,2;18;1,0636
06/07/2004;13.00.00;3,4;1201;-200;19,3;1278;278;657;174;1892;1302;39,6;16,9;1,2028
07/07/2004;01.00.00;1,6;992;-200;9,2;948;106;773;95;1609;1271;26,3;33,7;1,1377
07/07/2004;09.00.00;4;1359;-200;24,5;1415;381;572;189;2081;1902;29,6;28,7;1,1706
07/07/2004;14.00.00;2,2;1090;-200;14,1;1120;195;743;130;1629;1283;42,5;10,2;0,8478
07/07/2004;15.00.00;1,8;1056;-200;11,3;1024;159;792;121;1555;1068;41;11,6;0,8872
07/07/2004;23.00.00;2,1;1222;-200;15,4;1161;173;661;122;1827;1593;30,2;30,9;1,3026
08/07/2004;06.00.00;0,6;990;-200;6,2;821;57;848;62;1511;1079;27,5;34,6;1,2518
08/07/2004;21.00.00;2,9;1268;-200;16,9;1206;201;648;137;1900;1434;32,2;27,6;1,3044
09/07/2004;04.00.00;0,4;876;-200;2,3;605;29;1144;40;1432;456;27,4;42,2;1,5177
09/07/2004;05.00.00;0,6;932;-200;3,9;707;58;1011;61;1509;554;26,6;42,8;1,4713
09/07/2004;07.00.00;2,9;1264;-200;18,1;1241;228;609;129;1989;1280;27;37,3;1,3081
09/07/2004;16.00.00;1,5;961;-200;10,2;985;115;845;139;1554;677;32,4;19,1;0,915
09/07/2004;17.00.00;2,3;1009;-200;14;1116;202;779;180;1602;877;32,2;17,1;0,8124
10/07/2004;02.00.00;1;940;-200;6,7;845;57;845;70;1539;704;21,6;51,9;1,3254
10/07/2004;05.00.00;0,4;877;-200;4;711;41;1018;45;1475;580;21,7;52;1,3313
10/07/2004;07.00.00;0,9;958;-200;5,9;805;92;886;74;1551;835;22;51;1,3296
10/07/2004;08.00.00;1,1;959;-200;6,8;848;91;859;84;1572;739;25;41,6;1,301
10/07/2004;15.00.00;0,6;835;-200;4,4;731;39;1108;54;1323;438;33,1;18,3;0,9081
10/07/2004;17.00.00;0,7;833;-200;5,5;786;48;1064;69;1328;453;31,8;18,7;0,8624
10/07/2004;20.00.00;1,3;970;-200;8;900;70;856;77;1559;647;26,1;33,7;1,1228
11/07/2004;02.00.00;0,5;853;-200;4,1;716;37;994;51;1423;647;22;45,8;1,1965
11/07/2004;04.00.00;0,4;796;-200;2,7;636;30;1092;40;1387;576;20,6;50,3;1,2041
12/07/2004;04.00.00;-200;780;-200;1,8;568;24;1200;34;1331;501;19,9;51,3;1,1803
12/07/2004;20.00.00;2,8;980;-200;10,9;1009;175;786;112;1625;986;23,3;34,5;0,9768
13/07/2004;02.00.00;0,5;751;-200;2;587;43;1165;50;1353;678;18,4;53,4;1,117
13/07/2004;06.00.00;1,3;873;-200;7,3;871;101;871;62;1528;887;16,2;57,4;1,0515
13/07/2004;10.00.00;2,8;1064;-200;14,3;1126;272;711;139;1656;1361;26,4;29,9;1,0138
13/07/2004;15.00.00;1,3;843;-200;6,4;830;89;995;72;1339;577;30,1;19,4;0,8157
13/07/2004;23.00.00;1,9;971;-200;11;1014;155;788;111;1585;1115;24,3;31,1;0,9316
14/07/2004;00.00.00;1,4;927;-200;8,8;930;108;840;89;1522;1026;23,6;33,8;0,9685
14/07/2004;11.00.00;1,8;932;-200;11,3;1026;195;851;122;1523;944;33,4;17,1;0,8627
15/07/2004;04.00.00;-200;797;-200;2,5;621;23;1105;37;1303;562;21,6;44;1,1225
15/07/2004;08.00.00;4;1291;-200;25,2;1434;306;526;151;2239;1494;22,9;47,9;1,3208
15/07/2004;17.00.00;3,2;1164;-200;20,3;1306;259;648;198;1886;1218;35,5;19,1;1,0888
16/07/2004;13.00.00;2,1;1003;-200;11,9;1047;120;769;120;1578;782;36,5;16,7;1,0045
16/07/2004;18.00.00;4;1190;-200;23,7;1395;287;606;206;1914;1411;35,9;17,7;1,0316
17/07/2004;07.00.00;1,3;974;-200;8,2;908;83;793;75;1546;1057;21,1;46,9;1,1585
18/07/2004;22.00.00;1,6;1147;-200;11,7;1040;123;745;102;1635;1155;29;27;1,063
19/07/2004;07.00.00;2,3;1279;-200;16,6;1197;250;599;112;1906;1518;22,9;43;1,1826
19/07/2004;12.00.00;-200;1173;-200;14,3;1127;176;709;159;1678;1194;39,1;16;1,11
20/07/2004;05.00.00;-200;981;-200;4,7;747;52;856;69;1493;1090;25,1;44;1,3794
21/07/2004;16.00.00;-200;1105;-200;10,2;984;97;767;106;1532;868;42,7;14,4;1,2092
21/07/2004;17.00.00;-200;1128;-200;11,5;1032;87;733;99;1576;876;41,6;14,5;1,1483
21/07/2004;20.00.00;3,4;1301;-200;18,6;1256;164;593;144;1914;1382;33,3;29,9;1,5079
22/07/2004;12.00.00;2,1;1210;-200;14;1118;144;658;130;1742;1422;40,1;19;1,3849
22/07/2004;20.00.00;3,7;1317;-200;21,1;1327;228;575;158;1996;1510;34,5;25,5;1,368
23/07/2004;03.00.00;0,9;954;-200;5,5;790;-200;826;-200;1564;1066;24,8;48,5;1,4953
23/07/2004;05.00.00;0,8;973;-200;5,8;802;74;806;70;1597;1139;23,6;51,5;1,4852
23/07/2004;08.00.00;3,8;1367;-200;25,5;1441;262;470;120;2283;1770;26,6;42,8;1,4675
23/07/2004;12.00.00;2,1;1168;-200;15,4;1160;140;671;132;1784;1193;40,1;17,5;1,2721
23/07/2004;14.00.00;1,5;1083;-200;12,5;1066;99;725;121;1621;912;41,9;15,2;1,2173
23/07/2004;15.00.00;1,5;1080;-200;12,3;1059;107;733;123;1622;908;43,1;13,8;1,1803
23/07/2004;17.00.00;2,1;1115;-200;14,7;1140;133;682;129;1746;1020;41,1;16,5;1,2701
25/07/2004;00.00.00;1,7;1163;-200;7,9;893;90;706;83;1760;977;23,7;69,3;2,0042
25/07/2004;04.00.00;-200;870;-200;2;581;15;1119;26;1463;450;24,1;59,6;1,7657
25/07/2004;10.00.00;0,7;908;-200;2,7;632;35;1095;46;1494;500;27;47,4;1,6661
25/07/2004;15.00.00;0,8;891;-200;3,1;655;43;1107;52;1452;486;31,5;34,5;1,5666
25/07/2004;18.00.00;1,2;989;-200;4;713;72;954;78;1552;626;27,6;47,5;1,7266
26/07/2004;03.00.00;-200;837;-200;2,2;597;-200;1129;-200;1414;478;25,9;46,3;1,524
26/07/2004;22.00.00;-200;950;-200;7;856;62;881;92;1549;780;28,4;35,8;1,3665
27/07/2004;02.00.00;-200;838;-200;4,1;719;27;949;49;1466;707;25,8;40,9;1,3377
27/07/2004;06.00.00;-200;996;-200;6,9;853;135;796;92;1621;1023;23,1;48,8;1,3638
27/07/2004;10.00.00;-200;999;-200;9,3;953;143;780;109;1600;879;29,3;31;1,2445
28/07/2004;04.00.00;-200;779;-200;3,2;663;45;1022;65;1337;671;20,5;41,2;0,9802
28/07/2004;11.00.00;-200;914;-200;10,4;994;113;872;91;1481;763;34,2;15,8;0,8371
28/07/2004;18.00.00;-200;1103;-200;17,7;1232;-200;679;-200;1732;1085;35,3;16,8;0,9448
28/07/2004;22.00.00;-200;974;-200;9,5;958;74;783;94;1528;908;27,6;27,4;0,9926
29/07/2004;08.00.00;-200;1281;-200;26,6;1469;287;491;136;2179;1669;24;36,6;1,0763
30/07/2004;00.00.00;-200;1083;-200;11,1;1019;110;677;104;1720;1087;25,7;46,1;1,5025
30/07/2004;08.00.00;-200;1380;-200;26,3;1463;297;470;150;2322;1691;24,4;49,3;1,4814
30/07/2004;12.00.00;-200;1078;-200;9,4;956;89;742;104;1628;763;36,1;24,8;1,4628
30/07/2004;16.00.00;-200;1043;-200;9,6;962;98;777;124;1554;686;39,3;18,9;1,318
31/07/2004;10.00.00;3,4;1272;-200;15,7;1170;215;620;160;1957;1347;32,8;33,4;1,633
31/07/2004;16.00.00;1,1;976;-200;6,9;852;47;866;77;1467;559;40,4;19,8;1,4724
01/08/2004;06.00.00;0,4;872;-200;2,6;627;24;997;30;1530;670;23,3;62;1,7547
02/08/2004;09.00.00;1,9;1180;-200;11,5;1031;163;633;124;1866;1067;28,4;50,7;1,9329
02/08/2004;20.00.00;1,7;1079;-200;11,8;1042;87;697;116;1773;846;30,5;38,2;1,6376
02/08/2004;23.00.00;0,1;1097;-200;9,4;956;58;708;93;1724;818;27,1;49,4;1,7398
03/08/2004;00.00.00;0,1;1075;-200;8,1;904;44;720;74;1692;777;26,4;52,2;1,7708
03/08/2004;09.00.00;-200;1298;-200;17,2;1215;253;539;185;2068;1404;29,1;45,5;1,7998
05/08/2004;22.00.00;-200;971;-200;5,5;789;61;816;70;1594;879;23,1;70,1;1,9582
06/08/2004;00.00.00;-200;1058;-200;7,2;867;93;731;80;1685;1048;22,1;72,6;1,9105
06/08/2004;11.00.00;2,6;1218;-200;15,6;1168;206;607;117;2000;1451;29,3;48,4;1,9367
06/08/2004;17.00.00;1,1;970;-200;7,9;894;57;761;64;1649;756;32,5;40,6;1,9481
06/08/2004;18.00.00;2,1;1100;-200;11,7;1038;109;668;92;1873;1080;29,8;45,2;1,8642
07/08/2004;01.00.00;1,2;925;-200;6,4;831;57;789;57;1662;975;23,4;64,9;1,843
07/08/2004;22.00.00;1,9;1030;-200;10,3;988;84;686;95;1751;829;27,3;49,4;1,7602
08/08/2004;00.00.00;1,5;963;-200;7,4;872;65;767;69;1617;803;25,7;54,1;1,7546
08/08/2004;01.00.00;1,1;918;-200;5,8;805;43;816;55;1571;759;25,4;55,1;1,7628
08/08/2004;07.00.00;0,6;835;-200;2,8;638;31;1024;38;1506;655;24,3;58,4;1,7508
09/08/2004;08.00.00;2,5;1185;-200;15,1;1152;96;578;42;2003;1274;25,5;59,7;1,9193
09/08/2004;09.00.00;2,4;1168;-200;14,7;1138;16;585;5;1946;1336;27,7;52,5;1,9138
09/08/2004;11.00.00;1,2;983;-200;8;897;42;800;39;1608;804;32,7;34,1;1,6592
09/08/2004;17.00.00;1,5;-200;-200;-200;-200;65;-200;75;-200;-200;-200;-200;-200
10/08/2004;00.00.00;1;1035;-200;7;859;33;732;49;1680;996;27,4;55;1,9827
10/08/2004;14.00.00;1;950;-200;5,4;783;52;914;62;1443;525;38;24;1,5686
12/08/2004;07.00.00;1,7;1139;-200;11;1013;87;672;60;1932;1034;26,4;61,7;2,0929
13/08/2004;06.00.00;0,8;940;-200;4;709;47;956;52;1641;588;25,2;67,1;2,1164
13/08/2004;20.00.00;1,1;919;-200;5,7;796;62;870;80;1538;560;28,1;41,1;1,535
13/08/2004;22.00.00;1,2;957;-200;5,1;767;57;867;74;1534;577;26,6;50,4;1,724
14/08/2004;02.00.00;0,6;847;-200;2,5;618;30;1075;42;1442;529;25,1;55,3;1,733
14/08/2004;09.00.00;0,9;913;-200;4,7;749;54;911;58;1535;742;28;43,4;1,6162
14/08/2004;11.00.00;1;922;-200;4;712;52;924;57;1494;609;35;29;1,6017
14/08/2004;18.00.00;0,9;964;-200;5,1;769;40;873;56;1546;572;35,2;32,1;1,7898
14/08/2004;22.00.00;1;935;-200;5,2;774;43;825;53;1562;687;27,1;48,2;1,7075
15/08/2004;08.00.00;0,7;875;-200;3,5;682;34;983;36;1457;611;23,9;56,3;1,6489
15/08/2004;23.00.00;0,9;892;-200;5;766;38;880;55;1399;797;28,3;34,1;1,2951
16/08/2004;19.00.00;1,3;969;-200;6,8;850;70;857;77;1503;695;31,7;28,2;1,2962
19/08/2004;07.00.00;1,4;1083;-200;7,8;889;72;725;56;1734;918;27,6;52,1;1,8936
19/08/2004;09.00.00;1;1012;-200;6,3;824;31;803;39;1612;710;31;42,9;1,8909
19/08/2004;10.00.00;1,2;1031;-200;6,5;834;47;793;47;1640;737;32,5;39,4;1,8982
19/08/2004;17.00.00;1,7;1091;-200;9,3;953;51;723;63;1688;853;39,6;24,3;1,7255
20/08/2004;14.00.00;-200;924;-200;3,3;673;-200;960;-200;1522;520;35;35,5;1,962
20/08/2004;19.00.00;-200;984;-200;5,7;800;-200;836;-200;1607;610;30,8;43,1;1,8761
21/08/2004;02.00.00;-200;863;-200;3,9;707;-200;927;-200;1407;537;25;47,3;1,4771
21/08/2004;07.00.00;-200;826;-200;3,8;698;-200;1017;-200;1331;542;25,7;36,9;1,1991
21/08/2004;15.00.00;-200;833;-200;3;649;-200;1142;-200;1354;437;26,9;35,2;1,2334
21/08/2004;16.00.00;-200;856;-200;3,5;684;-200;1023;-200;1368;520;28,1;34,2;1,2802
22/08/2004;06.00.00;-200;791;-200;2,8;638;-200;1038;-200;1389;698;18,6;67,4;1,4302
22/08/2004;22.00.00;-200;922;-200;6,1;818;-200;826;-200;1454;848;25,7;38,5;1,2548
22/08/2004;23.00.00;-200;902;-200;5,5;790;-200;856;-200;1428;799;24,7;41,6;1,2751
23/08/2004;16.00.00;1,1;857;-200;5,2;775;45;979;55;1258;512;37,3;15,4;0,9692
23/08/2004;21.00.00;1,4;928;-200;6,5;837;62;808;80;1410;871;27;30,7;1,079
24/08/2004;04.00.00;0,4;762;-200;1,7;563;12;1181;21;1208;492;21,7;42,6;1,0907
25/08/2004;00.00.00;1,5;1016;-200;6,8;849;99;729;84;1609;872;26;48;1,5899
25/08/2004;09.00.00;2,9;1252;-200;15,6;1168;193;557;107;1938;1352;28,1;47,4;1,7753
26/08/2004;00.00.00;1,5;969;-200;7;857;75;753;84;1485;821;24,3;43,3;1,2973
27/08/2004;16.00.00;1,6;-200;-200;-200;-200;96;-200;92;-200;-200;-200;-200;-200
27/08/2004;19.00.00;2,3;-200;-200;-200;-200;128;-200;116;-200;-200;-200;-200;-200
27/08/2004;22.00.00;1,7;-200;-200;-200;-200;97;-200;99;-200;-200;-200;-200;-200
28/08/2004;09.00.00;1,7;977;-200;8,3;913;104;744;81;1512;977;24,7;41,8;1,2839
29/08/2004;00.00.00;-200;1062;-200;6,4;829;-200;714;-200;1592;846;24,5;56,3;1,7026
29/08/2004;05.00.00;-200;894;-200;3,5;681;-200;843;-200;1476;765;21,2;66,4;1,6468
29/08/2004;20.00.00;-200;1116;-200;11,8;1044;-200;613;-200;1694;954;28,3;39,2;1,4826
29/08/2004;22.00.00;-200;1085;-200;9,2;948;-200;680;-200;1635;880;26,2;46,8;1,5669
30/08/2004;02.00.00;-200;859;-200;2,9;646;-200;951;-200;1376;607;23,7;56,2;1,6255
30/08/2004;03.00.00;-200;813;-200;1,8;566;-200;1123;-200;1328;501;24,8;52,2;1,6086
30/08/2004;15.00.00;-200;1111;-200;13,1;1088;-200;635;-200;1719;884;33;31,4;1,5583
30/08/2004;16.00.00;-200;1125;-200;12,2;1056;-200;645;-200;1716;929;33,8;29,2;1,5143
31/08/2004;00.00.00;-200;926;-200;5,1;769;-200;836;-200;1467;801;24;55,6;1,6381
31/08/2004;21.00.00;2,1;1095;-200;11,5;1032;187;621;98;1730;984;25,7;48,7;1,5825
03/09/2004;01.00.00;-200;1004;-200;8,5;921;-200;699;-200;1495;1092;24,9;47,9;1,4855
03/09/2004;03.00.00;-200;868;-200;3,1;657;-200;921;-200;1356;764;25,2;47,9;1,5129
03/09/2004;06.00.00;-200;905;-200;5,1;766;-200;842;-200;1438;818;22,9;56,2;1,5522
03/09/2004;10.00.00;-200;1311;-200;18,9;1267;-200;524;-200;1941;1662;31,4;34,5;1,5599
03/09/2004;13.00.00;-200;1048;-200;11,2;1021;-200;698;-200;1570;846;35,1;23,2;1,2884
03/09/2004;19.00.00;4,9;1424;-200;24,5;1417;-200;488;-200;2092;1674;33,2;30,1;1,5095
04/09/2004;01.00.00;1,2;1006;-200;6,7;845;-200;738;-200;1430;978;25,8;45,4;1,487
04/09/2004;05.00.00;0,8;958;-200;4,6;744;-200;809;-200;1419;903;22,1;54,5;1,4337
04/09/2004;11.00.00;2,3;1226;-200;12,9;1080;-200;622;-200;1697;1188;34,8;27,1;1,4837
04/09/2004;17.00.00;2,4;1159;-200;12,3;1059;-200;664;-200;1580;945;39,5;18,5;1,3076
05/09/2004;01.00.00;3;1194;-200;18,5;1255;-200;555;-200;1694;1452;27,2;33,3;1,1788
05/09/2004;16.00.00;0,8;823;-200;2,7;633;-200;1228;-200;1103;366;33;17,5;0,8683
05/09/2004;18.00.00;1,1;880;-200;4,3;728;-200;1046;-200;1167;514;31,6;18;0,8243
05/09/2004;22.00.00;1,7;1008;-200;6,7;845;-200;832;-200;1349;856;26,3;29,5;0,9959
05/09/2004;23.00.00;1,3;965;-200;5,1;769;-200;878;-200;1315;667;25,9;32,9;1,0826
06/09/2004;01.00.00;1;921;-200;3,2;666;-200;954;-200;1288;480;24,8;40,1;1,2378
06/09/2004;11.00.00;1,4;977;-200;6,6;840;-200;827;-200;1390;736;29,2;29,1;1,1586
07/09/2004;09.00.00;2,1;1081;-200;10,2;983;145;703;64;1546;1079;27,3;38,3;1,3669
07/09/2004;14.00.00;1,4;948;-200;7,9;893;-200;828;-200;1374;768;31,5;21,5;0,9768
07/09/2004;22.00.00;-200;1055;-200;10;979;-200;694;-200;1517;1086;25,4;35,2;1,1288
07/09/2004;23.00.00;-200;-200;-200;-200;-200;-200;-200;-200;-200;-200;-200;-200;-200
08/09/2004;04.00.00;-200;-200;-200;-200;-200;-200;-200;-200;-200;-200;-200;-200;-200
08/09/2004;07.00.00;-200;-200;-200;-200;-200;-200;-200;-200;-200;-200;-200;-200;-200
08/09/2004;10.00.00;-200;-200;-200;-200;-200;-200;-200;-200;-200;-200;-200;-200;-200
08/09/2004;19.00.00;4,7;1383;-200;24,1;1406;502;824;176;1582;1678;29,9;22,3;0,9235
08/09/2004;21.00.00;2,8;1221;-200;15,8;1174;344;874;155;1481;1413;26,8;28,9;1,0019
08/09/2004;22.00.00;2,6;1226;-200;14,6;1138;307;862;146;1481;1419;25,1;32,3;1,0131
08/09/2004;23.00.00;2;1100;-200;10,6;999;251;984;131;1361;1145;25,4;30,5;0,9722
09/09/2004;00.00.00;1,4;999;-200;7,5;879;180;1114;119;1261;960;24,9;28,3;0,8775
09/09/2004;11.00.00;2,2;1156;-200;14,8;1142;387;907;143;1490;1188;34,9;18,5;1,0189
09/09/2004;12.00.00;1,7;1054;-200;12,6;1071;252;1006;116;1380;940;37,1;15;0,9297
10/09/2004;04.00.00;0,4;866;-200;2,9;644;49;1162;41;1218;629;24,5;38,5;1,1688
10/09/2004;08.00.00;4,1;1417;-200;28,3;1511;606;587;147;1975;1676;22,9;41,3;1,1383
10/09/2004;14.00.00;1,9;1086;-200;12,6;1070;276;907;135;1423;924;33;20,1;0,9959
11/09/2004;04.00.00;-200;849;-200;2,3;607;-200;1189;-200;1190;544;23,5;40,9;1,1677
11/09/2004;19.00.00;-200;1283;-200;13,9;1112;-200;719;-200;1583;1071;29,3;32,6;1,3105
12/09/2004;02.00.00;-200;1108;-200;8,4;917;-200;797;-200;1495;1129;22;55,8;1,4585
13/09/2004;04.00.00;-200;875;-200;4;713;-200;1027;-200;1436;809;19,4;73,4;1,6417
13/09/2004;05.00.00;-200;940;-200;5,5;789;-200;917;-200;1473;914;19,5;72;1,6118
14/09/2004;03.00.00;-200;863;-200;3,9;703;-200;1032;-200;1403;791;20,8;62,1;1,5044
14/09/2004;17.00.00;-200;1506;-200;26,7;1471;-200;518;-200;2200;1530;28;52,7;1,9604
15/09/2004;01.00.00;-200;886;-200;2,6;627;-200;1082;-200;1405;694;21,4;74;1,8683
15/09/2004;13.00.00;-200;1289;-200;17,2;1217;-200;599;-200;1975;1374;24,1;65,5;1,9371
15/09/2004;21.00.00;1,9;1074;-200;9,2;946;219;767;93;1635;1079;23,1;62,8;1,7562
16/09/2004;10.00.00;2,5;1171;-200;13;1083;390;695;96;1758;1276;22,9;59,1;1,633
16/09/2004;12.00.00;1,7;1021;-200;10;979;248;798;95;1580;958;21,1;58,3;1,4444
17/09/2004;23.00.00;1,3;927;-200;6,3;826;173;1021;94;1331;734;22,1;42,8;1,1265
18/09/2004;00.00.00;1,4;936;-200;6,7;844;186;978;96;1365;776;22,1;43,5;1,1443
18/09/2004;07.00.00;1,2;913;-200;6,4;830;173;980;82;1371;757;20;50,7;1,1724
18/09/2004;11.00.00;1,2;895;-200;5,2;776;178;1024;82;1274;640;26,6;30,7;1,0501
18/09/2004;13.00.00;1,6;953;-200;7,6;881;210;926;79;1339;704;27,6;28,7;1,0406
19/09/2004;00.00.00;2,2;1149;-200;10,5;996;255;754;104;1534;1177;21,3;50,5;1,2652
19/09/2004;03.00.00;1,2;949;-200;7,8;890;-200;854;-200;1484;884;18,8;59,8;1,2847
19/09/2004;16.00.00;1,8;1045;-200;8,3;910;193;878;106;1385;742;34,6;22,4;1,212
20/09/2004;19.00.00;6,5;1476;-200;34,9;1663;681;473;225;2167;1785;28,1;32,4;1,2173
21/09/2004;04.00.00;0,4;814;-200;2,1;589;42;1119;36;1246;565;20,8;55,9;1,3581
21/09/2004;13.00.00;3,8;1277;-200;19,3;1277;401;586;188;1846;1226;29,4;36,4;1,4718
22/09/2004;14.00.00;2,2;1132;-200;12,1;1052;233;680;117;1609;944;28,5;37,3;1,4291
23/09/2004;09.00.00;2,7;1290;-200;18,1;1244;293;604;103;1853;1415;25;50,8;1,5903
23/09/2004;10.00.00;2,4;1215;-200;14,8;1141;334;631;118;1766;1285;26,3;48,1;1,6199
23/09/2004;20.00.00;3,3;1247;-200;16,9;1206;313;600;148;1785;1233;26,2;48,7;1,6256
24/09/2004;14.00.00;4,2;1442;-200;24;1403;496;518;145;2026;1551;25,6;48,3;1,558
24/09/2004;15.00.00;3,3;1358;-200;19,3;1277;403;563;123;1892;1429;25,7;47,8;1,5548
24/09/2004;19.00.00;2,9;1103;-200;10,5;997;293;736;109;1552;914;15,6;75,7;1,3345
25/09/2004;22.00.00;2,2;1002;-200;10,3;989;279;840;99;1358;1011;17,8;36,5;0,7366
26/09/2004;21.00.00;1,8;963;-200;7,7;887;268;853;112;1311;938;18,7;39,7;0,8482
27/09/2004;07.00.00;5,5;1372;-200;26,9;1477;799;542;132;1973;1556;15;57,7;0,9778
27/09/2004;13.00.00;1,9;937;-200;9,1;942;226;852;90;1276;773;22,3;29,5;0,7838
27/09/2004;16.00.00;2;1020;-200;11,8;1042;251;788;112;1401;927;24,2;27,2;0,8128
28/09/2004;01.00.00;0,8;802;-200;3,5;680;105;1091;73;1137;756;15,3;51,9;0,8982
29/09/2004;04.00.00;-200;789;-200;2,2;596;62;1145;48;1161;698;14,6;62,1;1,0236
30/09/2004;00.00.00;0,9;947;-200;5,7;798;108;869;79;1276;943;19,4;50,3;1,1201
02/10/2004;01.00.00;-200;1134;-200;8,4;914;-200;699;-200;1512;1097;20,6;63,4;1,519
02/10/2004;10.00.00;-200;1243;-200;10,5;997;-200;648;-200;1587;1155;24,2;51,9;1,5426
02/10/2004;12.00.00;-200;1278;-200;12,1;1053;-200;630;-200;1641;1153;25,8;47,8;1,5662
02/10/2004;15.00.00;-200;1199;-200;8,7;928;-200;704;-200;1533;890;25,7;48,8;1,5913
02/10/2004;16.00.00;-200;1236;-200;9,6;962;-200;690;-200;1589;946;26,5;45,9;1,5626
02/10/2004;18.00.00;-200;1299;-200;12,7;1072;-200;617;-200;1688;1107;24,4;52,5;1,583
03/10/2004;05.00.00;-200;906;-200;3,3;672;-200;948;-200;1377;742;20,1;65,3;1,5153
03/10/2004;08.00.00;-200;1055;-200;5,6;795;-200;800;-200;1476;927;20,4;64,1;1,5178
03/10/2004;12.00.00;-200;1229;-200;11,3;1025;-200;663;-200;1588;1073;26,6;43,7;1,5031
04/10/2004;08.00.00;-200;1257;-200;20,1;1299;-200;550;-200;1864;1302;18,5;67;1,4135
05/10/2004;00.00.00;-200;968;-200;6,4;831;-200;810;-200;1425;961;20;63,1;1,4592
05/10/2004;02.00.00;-200;820;-200;2,5;620;-200;1081;-200;1270;703;20,8;58,8;1,4305
05/10/2004;05.00.00;-200;887;-200;4,1;717;-200;955;-200;1334;786;17,6;69,5;1,3889
05/10/2004;11.00.00;-200;1377;-200;19,3;1276;-200;539;-200;1790;1666;26;43,8;1,4499
05/10/2004;14.00.00;-200;1301;-200;17,1;1212;-200;575;-200;1717;1332;28,4;37,6;1,4282
06/10/2004;02.00.00;-200;950;-200;4,6;743;-200;841;-200;1377;895;19,3;68,4;1,513
06/10/2004;05.00.00;-200;917;-200;3,6;686;-200;933;-200;1304;805;18,3;68,5;1,4291
06/10/2004;09.00.00;-200;1528;-200;25,8;1449;-200;473;-200;2039;1756;20,4;61,2;1,447
06/10/2004;21.00.00;-200;1336;-200;16,8;1204;-200;542;-200;1759;1490;22,4;57,9;1,5449
07/10/2004;16.00.00;2,9;1342;-200;15,3;1157;267;572;87;1707;1195;28,6;37,6;1,4468
07/10/2004;17.00.00;5,4;1623;-200;28,8;1522;398;447;111;2110;1618;28;38,5;1,437
07/10/2004;23.00.00;1,7;1162;-200;10,8;1008;183;658;60;1556;1160;20,9;61,3;1,4923
08/10/2004;03.00.00;0,7;931;-200;3,3;670;-200;931;-200;1326;792;18,7;68,5;1,4586
08/10/2004;11.00.00;3,7;1468;-200;21;1323;530;496;105;1913;1641;24,4;52,5;1,5807
08/10/2004;13.00.00;3,6;1400;-200;21,2;1331;366;520;100;1916;1465;27,7;39,2;1,4356
09/10/2004;05.00.00;1,3;1157;-200;7,8;890;154;681;53;1549;1054;20,8;66,7;1,6201
09/10/2004;08.00.00;3,2;1453;-200;20,1;1298;470;489;69;1940;1497;21,5;63,7;1,6186
09/10/2004;10.00.00;3,6;1512;-200;19,5;1282;450;498;95;1899;1554;26;48,2;1,598
10/10/2004;00.00.00;3,7;1520;-200;17,2;1217;409;552;103;1812;1357;24,7;56,9;1,7438
10/10/2004;06.00.00;1,2;1082;-200;6,3;825;163;753;59;1526;930;21,3;69,1;1,7275
10/10/2004;08.00.00;1,1;1049;-200;6,3;826;150;765;51;1521;917;22,2;65,2;1,7256
10/10/2004;12.00.00;2,3;1228;-200;9,3;952;301;668;81;1622;1110;24,5;58,8;1,7838
10/10/2004;19.00.00;2,2;1169;-200;8,3;910;334;726;87;1563;992;21,1;68,3;1,6914
11/10/2004;06.00.00;1,1;1041;-200;7,2;865;164;757;53;1486;902;18,6;74,9;1,5918
12/10/2004;01.00.00;1;898;-200;4,6;742;93;915;50;1345;796;18,1;65,2;1,343
12/10/2004;02.00.00;0,5;809;-200;2,1;593;58;1134;44;1277;647;18,3;65,1;1,3529
12/10/2004;18.00.00;-200;1037;-200;12,1;1053;-200;708;-200;1480;958;16,5;56,2;1,0455
13/10/2004;14.00.00;-200;943;-200;7,2;864;-200;831;-200;1297;814;17,4;48,3;0,955
13/10/2004;17.00.00;-200;1044;-200;11,2;1022;-200;726;-200;1454;983;15,2;55,9;0,9572
14/10/2004;01.00.00;-200;786;-200;2,2;602;-200;1146;-200;1123;584;15;56,4;0,9554
14/10/2004;02.00.00;-200;740;-200;1,1;506;-200;1333;-200;1074;469;14,9;56,4;0,9474
14/10/2004;18.00.00;-200;1211;-200;14,6;1135;-200;615;-200;1682;1234;18,8;60,8;1,3036
15/10/2004;14.00.00;-200;1067;-200;13;1085;-200;684;-200;1548;985;23,3;40,4;1,1421
15/10/2004;17.00.00;-200;1319;-200;24,9;1426;-200;509;-200;1938;1491;20,9;48,5;1,1878
15/10/2004;18.00.00;-200;1255;-200;21,7;1342;-200;539;-200;1875;1396;19,8;53,1;1,216
16/10/2004;08.00.00;-200;1124;-200;12,2;1057;-200;667;-200;1569;1091;15,9;70,4;1,2658
16/10/2004;11.00.00;-200;944;-200;8,3;910;-200;828;-200;1342;777;22;38,9;1,0154
17/10/2004;05.00.00;-200;786;-200;1,7;558;-200;1217;-200;1179;434;15;71;1,2032
17/10/2004;07.00.00;-200;789;-200;2,3;604;-200;1181;-200;1171;467;15,9;62,1;1,1103
18/10/2004;02.00.00;-200;788;-200;2,4;614;-200;1116;-200;1177;625;14,8;64,7;1,0788
18/10/2004;18.00.00;-200;1612;-200;38,8;1745;-200;398;-200;2357;1834;19,3;59;1,3077
19/10/2004;02.00.00;-200;951;-200;6,5;835;-200;788;-200;1354;887;14,1;76,7;1,2273
19/10/2004;06.00.00;-200;1117;-200;11,5;1031;-200;669;-200;1528;1107;15,2;73,4;1,2626
19/10/2004;08.00.00;-200;1583;-200;37,9;1726;-200;404;-200;2316;1818;15,8;71,7;1,278
19/10/2004;10.00.00;-200;1399;-200;24,5;1416;-200;485;-200;1894;1671;17,6;64,9;1,2925
19/10/2004;18.00.00;-200;1428;-200;23,6;1393;-200;490;-200;1976;1608;21,2;61,7;1,5309
20/10/2004;01.00.00;-200;1103;-200;10;979;-200;666;-200;1520;1156;19,5;69,7;1,5596
20/10/2004;04.00.00;-200;1069;-200;8,8;931;-200;688;-200;1508;1044;18,7;73,4;1,5701
20/10/2004;18.00.00;7,7;1835;-200;40;1770;826;358;172;2474;2073;23,9;61,8;1,8088
21/10/2004;13.00.00;2,6;1263;-200;14,8;1143;-200;578;-200;1736;1310;26,6;49,3;1,6872
22/10/2004;04.00.00;-200;930;-200;4,6;741;125;849;48;1392;843;19,6;71,3;1,612
22/10/2004;12.00.00;2,4;1310;-200;16,5;1194;266;538;83;1781;1487;24,4;55,4;1,6712
22/10/2004;14.00.00;3,7;1461;-200;22,3;1358;394;474;112;2033;1603;26,8;49,1;1,7101
23/10/2004;04.00.00;-200;910;-200;4;712;94;872;42;1341;836;19,6;66,9;1,5125
23/10/2004;18.00.00;4;1475;-200;21;1324;475;490;115;1925;1530;23,3;57,9;1,6376
24/10/2004;00.00.00;2,9;1347;-200;15,5;1165;315;573;97;1741;1321;19,7;70,1;1,5891
24/10/2004;20.00.00;3,4;1324;-200;15,6;1168;375;568;99;1716;1959;21,8;63;1,619
25/10/2004;07.00.00;3,2;1316;-200;18,5;1253;521;527;77;1780;1566;16;76,3;1,3772
26/10/2004;01.00.00;1,6;989;-200;8;900;231;737;60;1401;968;16,8;74,9;1,4258
26/10/2004;02.00.00;1;912;-200;5,5;788;127;822;48;1331;847;15,5;78,5;1,3782
26/10/2004;04.00.00;-200;851;-200;4,3;726;124;897;42;1277;799;15;77,9;1,3197
26/10/2004;07.00.00;3;1267;-200;18,7;1260;383;572;82;1776;1259;16,2;75,9;1,3872
27/10/2004;06.00.00;1,7;1164;-200;10,5;997;295;641;68;1606;1113;17,6;78,8;1,5723
27/10/2004;08.00.00;4,9;1465;-200;28,5;1515;555;454;119;2119;1516;18;74,8;1,5281
27/10/2004;16.00.00;2,1;1118;-200;13,4;1096;257;647;102;1649;1130;19,9;65,3;1,5066
28/10/2004;00.00.00;0,9;861;-200;4,5;735;99;925;58;1287;789;16,9;72;1,3749
28/10/2004;08.00.00;4,4;1401;-200;25,8;1449;736;477;102;1969;1528;16;76,4;1,3751
28/10/2004;16.00.00;5;1521;-200;26,6;1470;677;446;139;1977;1720;21,3;61,9;1,5463
29/10/2004;06.00.00;1,3;1069;-200;7,7;889;242;738;91;1469;976;19,3;71,6;1,5844
29/10/2004;21.00.00;1,8;1038;-200;7;856;284;801;116;1415;905;17,3;76,3;1,4919
30/10/2004;01.00.00;1,8;1023;-200;6,9;851;259;782;94;1413;881;16,9;80,6;1,5372
30/10/2004;09.00.00;3;1206;-200;14,4;1131;493;592;106;1675;1201;17,4;79,3;1,5593
30/10/2004;12.00.00;3,7;1327;-200;18,7;1259;481;539;160;1826;1434;22,4;60,8;1,6261
30/10/2004;22.00.00;2,4;1119;-200;10,2;984;311;688;90;1539;1082;20,1;66,7;1,5548
31/10/2004;06.00.00;0,4;791;-200;1,2;519;43;1291;31;1295;540;18,1;79;1,6224
31/10/2004;16.00.00;2,2;1169;-200;10,1;983;289;672;79;1633;1033;23;62,3;1,7248
31/10/2004;18.00.00;6,6;1571;-200;30,3;1559;544;440;106;2277;1516;21,7;66,6;1,7077
01/11/2004;16.00.00;3,1;1348;-200;15,3;1157;376;564;88;1810;1307;23,8;65;1,8897
02/11/2004;08.00.00;3,4;1316;-200;20,7;1317;607;538;85;1860;1336;17,1;72,8;1,4054
03/11/2004;01.00.00;2,6;1167;-200;13,2;1090;281;626;62;1620;1106;18;71,5;1,4615
03/11/2004;20.00.00;3,3;1266;-200;18,7;1261;355;541;97;1807;1285;22,4;55,2;1,4735
04/11/2004;01.00.00;1,1;948;-200;6,3;826;137;802;57;1382;897;19,3;65,5;1,45
06/11/2004;01.00.00;1,8;1106;-200;9;938;247;685;76;1395;1010;16,1;71,2;1,2948
06/11/2004;19.00.00;2,8;1273;-200;14,6;1137;356;586;91;1563;1231;20;58,4;1,3473
07/11/2004;06.00.00;0,4;757;-200;1,5;542;44;1339;31;1004;449;15,5;51,5;0,9026
07/11/2004;07.00.00;0,4;752;-200;1,2;516;53;1370;35;997;440;15,1;52;0,8878
08/11/2004;04.00.00;0,2;689;-200;0,3;407;13;1757;13;895;333;11,3;49,5;0,6615
09/11/2004;01.00.00;-200;821;-200;3,7;696;-200;1032;-200;1013;783;7,2;62,2;0,6362
09/11/2004;05.00.00;-200;733;-200;1,9;574;-200;1238;-200;964;627;4,1;73,1;0,6074
09/11/2004;07.00.00;-200;915;-200;7,4;873;-200;873;-200;1135;915;3,7;76,2;0,6137
09/11/2004;12.00.00;-200;1007;-200;10,6;1000;-200;727;-200;1197;1210;11,3;46,5;0,6194
09/11/2004;15.00.00;2,1;1045;-200;13,1;1087;-200;712;-200;1270;1144;12,6;42,4;0,6159
12/11/2004;00.00.00;1,2;932;-200;4,5;740;167;926;92;1180;774;12,9;69,9;1,0371
12/11/2004;03.00.00;0,4;789;-200;1,2;515;-200;1276;-200;1054;516;13,1;67,6;1,0127
12/11/2004;23.00.00;1,5;971;-200;6,1;818;205;828;107;1252;857;15,9;59,6;1,0673
13/11/2004;06.00.00;1;938;-200;3,8;702;147;904;75;1185;753;15,2;61,8;1,0602
13/11/2004;14.00.00;3,3;1234;-200;12,1;1053;364;639;133;1476;1114;21,5;43,1;1,0919
14/11/2004;01.00.00;0,8;774;-200;1,8;569;100;1222;58;984;434;11,4;54,6;0,7363
14/11/2004;08.00.00;0,3;647;-200;0,3;412;39;1964;29;779;274;10,6;36,1;0,4624
14/11/2004;16.00.00;0,6;738;-200;1,3;529;100;1991;59;876;383;9,6;44,2;0,5289
14/11/2004;23.00.00;0,8;741;-200;2,3;607;128;1312;73;865;433;11,3;32,3;0,4329
15/11/2004;12.00.00;1,7;881;-200;6,4;831;330;911;116;1074;793;13,4;37,1;0,5683
16/11/2004;00.00.00;1,3;844;-200;3,9;705;167;1035;91;986;701;11,3;41,8;0,561
16/11/2004;03.00.00;0,6;737;-200;0,9;492;-200;1391;-200;880;467;11,2;41,3;0,5498
16/11/2004;04.00.00;0,4;732;-200;0,7;472;37;1461;32;866;391;11,1;40,8;0,5395
16/11/2004;08.00.00;3,5;1248;-200;16,6;1197;892;641;202;1405;1395;10,1;45,6;0,5632
17/11/2004;01.00.00;1,6;953;-200;5,3;778;277;885;121;1051;1019;7,7;57,9;0,6107
17/11/2004;02.00.00;1,1;868;-200;2,9;647;131;1054;85;962;828;8,4;54,5;0,6022
17/11/2004;07.00.00;1,2;929;-200;4;713;183;987;92;1002;830;5,9;62;0,5811
17/11/2004;15.00.00;4;1321;-200;19,5;1281;858;557;198;1442;1650;17,4;32,7;0,6422
17/11/2004;16.00.00;4,1;1360;-200;21;1325;839;535;171;1513;1692;17,3;33,9;0,6627
18/11/2004;07.00.00;2,1;1119;-200;9,9;974;531;710;162;1224;1170;6,8;74,5;0,7415
19/11/2004;17.00.00;7,5;1553;-200;24,4;1414;760;455;193;1851;1682;17,7;56,6;1,133
19/11/2004;23.00.00;2,6;695;-200;4;711;204;1193;110;739;645;12,8;14,8;0,218
20/11/2004;00.00.00;2,7;683;-200;3,6;686;243;1240;121;702;627;12,2;14;0,1988
20/11/2004;05.00.00;0,6;692;-200;1,5;546;92;1347;70;697;500;9;23,1;0,2648
20/11/2004;14.00.00;1,9;888;-200;10,9;1009;340;866;137;937;973;14,7;16,6;0,2756
20/11/2004;16.00.00;1,8;892;-200;11,1;1018;377;879;149;931;1009;15,3;14,3;0,2462
20/11/2004;18.00.00;4,6;1252;-200;22,3;1359;870;604;239;1380;1765;11,1;31,8;0,4187
21/11/2004;02.00.00;0,5;889;-200;4,9;760;195;968;120;919;983;5,3;48,7;0,4364
21/11/2004;08.00.00;0,2;862;-200;4,9;757;227;983;116;938;879;1,3;65,3;0,4457
21/11/2004;16.00.00;0,9;1018;-200;8,2;907;292;889;127;981;1150;14,9;21,7;0,3646
22/11/2004;05.00.00;-200;820;-200;2,3;604;116;1127;80;874;847;2,6;60,8;0,4544
22/11/2004;18.00.00;6,3;1738;-200;38,3;1735;1301;365;240;1917;2434;8,9;53,4;0,6117
22/11/2004;20.00.00;6,5;1706;-200;33,9;1641;1218;381;239;1778;2522;8,9;54,2;0,6183
23/11/2004;09.00.00;5,7;1578;-200;27,6;1494;980;448;160;1854;1800;9,9;77,6;0,9488
23/11/2004;14.00.00;7,3;1769;-200;33,2;1624;1189;396;233;2041;2202;13,9;67,6;1,0666
23/11/2004;17.00.00;7,3;1821;-200;35,4;1673;1201;371;215;2119;2201;13,6;71;1,1018
25/11/2004;03.00.00;2,1;1009;-200;8,7;928;-200;754;-200;1166;983;5,1;84;0,7439
26/11/2004;13.00.00;4,9;1539;-200;22,7;1371;854;488;196;1712;1943;15,5;56,2;0,9814
27/11/2004;06.00.00;1,7;1197;-200;7,6;881;320;820;99;1295;1173;12,3;81,9;1,1674
28/11/2004;16.00.00;2,7;1214;-200;8,6;922;326;741;117;1273;1124;13,3;63,3;0,9597
29/11/2004;15.00.00;1,9;1166;-200;10,8;1007;289;775;117;1391;1227;18,4;49,9;1,0453
29/11/2004;16.00.00;2,3;1200;-200;11,4;1027;316;760;121;1416;1199;17,9;51,4;1,0488
29/11/2004;18.00.00;2,3;1161;-200;10;979;267;758;115;1375;1132;16,7;57,3;1,0813
30/11/2004;00.00.00;1,2;1032;-200;3,6;688;109;1514;67;1200;737;15,6;66,6;1,1763
01/12/2004;14.00.00;5,7;1501;-200;28,4;1514;933;1090;178;1898;1791;13,7;66,5;1,038
01/12/2004;22.00.00;1,8;1040;-200;7,1;859;280;1705;107;1293;889;11,1;84,3;1,1137
02/12/2004;01.00.00;1,9;975;-200;5,5;787;223;1812;96;1238;844;11,7;77,8;1,0689
02/12/2004;04.00.00;0,9;889;-200;2,9;646;131;2047;70;1163;743;12;77,4;1,0825
02/12/2004;05.00.00;0,7;880;-200;2,4;610;101;2095;59;1150;711;12;78;1,094
02/12/2004;07.00.00;1,4;1073;-200;7,2;867;336;768;89;1329;981;12,5;76,4;1,1021
02/12/2004;11.00.00;3,4;1308;-200;16,4;1191;685;537;137;1559;1523;15,4;63,9;1,1071
02/12/2004;14.00.00;2,9;1338;-200;16,9;1208;469;539;123;1600;1481;18;58;1,1901
02/12/2004;21.00.00;6,6;1646;-200;30,8;1570;964;401;154;2049;1846;15,3;73,6;1,2691
02/12/2004;22.00.00;4,7;1468;-200;22;1351;741;472;127;1783;1611;15,1;74,3;1,2623
03/12/2004;01.00.00;2,6;1194;-200;9,3;950;434;667;100;1433;1043;14,4;82,7;1,3496
03/12/2004;20.00.00;6,1;1601;-200;30,7;1568;738;422;132;2111;1729;15;74,4;1,2593
04/12/2004;13.00.00;3,1;1224;-200;11,9;1046;580;630;124;1476;1213;11,8;86,5;1,1981
05/12/2004;17.00.00;1,1;904;-200;2,8;640;154;1022;77;1152;682;11,3;81;1,0851
05/12/2004;23.00.00;1;892;-200;3,3;672;146;1012;73;1111;706;13,1;64,3;0,9628
06/12/2004;00.00.00;1;857;-200;2,3;605;115;1094;64;1071;636;13,2;62,9;0,9517
06/12/2004;01.00.00;0,9;901;-200;3,2;662;125;1034;66;1127;678;13,3;63,6;0,9673
06/12/2004;06.00.00;0,9;913;-200;3,8;701;181;926;72;1219;750;12;80,1;1,1231
07/12/2004;03.00.00;1,1;911;-200;4,2;719;-200;947;-200;1170;839;11,6;73,4;0,999
07/12/2004;04.00.00;-200;828;-200;2,6;627;146;1074;64;1103;748;11,9;71,4;0,9921
07/12/2004;17.00.00;2,6;1175;-200;13,9;1112;350;628;110;1484;1212;16,5;54,6;1,0164
07/12/2004;21.00.00;2,6;1130;-200;11,3;1026;359;657;115;1374;1209;14,5;60,4;0,9909
08/12/2004;04.00.00;1,7;1080;-200;7,9;896;212;1075;75;1262;1033;11,6;72,5;0,9916
08/12/2004;12.00.00;2,1;1202;-200;9,5;958;302;732;92;1330;1181;16;58,1;1,0482
08/12/2004;18.00.00;2,6;1177;-200;10,3;987;429;692;119;1324;1229;16,2;54,5;0,9956
08/12/2004;20.00.00;3,5;1352;-200;14;1118;438;625;127;1524;1188;14,6;72,1;1,1947
08/12/2004;23.00.00;2,3;1142;-200;7,2;866;348;815;107;1329;939;13,8;77,3;1,2169
10/12/2004;08.00.00;1,4;919;-200;5,6;795;315;2327;110;998;822;12,3;35,8;0,5086
10/12/2004;22.00.00;1,3;802;-200;4,6;743;202;1051;110;826;751;12,8;22,5;0,3309
11/12/2004;19.00.00;2;979;-200;9,2;946;323;826;138;1018;1026;14,6;24,6;0,4054
11/12/2004;21.00.00;2,9;1217;-200;11,6;1037;443;669;138;1167;1452;13,3;38,7;0,5867
12/12/2004;06.00.00;1,5;975;-200;7;859;177;777;81;1043;1019;4,2;69;0,5737
12/12/2004;11.00.00;2,4;1101;-200;8,9;934;333;751;116;1085;1208;12,6;39,9;0,5804
13/12/2004;00.00.00;2,5;1133;-200;9,3;951;310;825;112;1156;1254;7,9;60,2;0,6432
13/12/2004;15.00.00;4,4;1590;-200;28;1503;743;575;204;1559;2257;16;38,7;0,6987
14/12/2004;04.00.00;0,8;895;-200;3,2;663;165;977;74;1007;866;6,8;75,4;0,7475
14/12/2004;05.00.00;0,7;885;-200;3;655;145;996;68;1015;848;6,6;75,3;0,7378
15/12/2004;12.00.00;3,4;-200;-200;-200;-200;836;-200;177;-200;-200;-200;-200;-200
15/12/2004;17.00.00;6,6;-200;-200;-200;-200;1237;-200;229;-200;-200;-200;-200;-200
16/12/2004;03.00.00;1,7;-200;-200;-200;-200;-200;-200;-200;-200;-200;-200;-200;-200
16/12/2004;12.00.00;4,2;-200;-200;-200;-200;845;-200;190;-200;-200;-200;-200;-200
16/12/2004;21.00.00;8,6;-200;-200;-200;-200;1237;-200;203;-200;-200;-200;-200;-200
16/12/2004;22.00.00;5,4;-200;-200;-200;-200;1060;-200;186;-200;-200;-200;-200;-200
17/12/2004;07.00.00;2,5;-200;-200;-200;-200;658;-200;122;-200;-200;-200;-200;-200
17/12/2004;11.00.00;5,1;-200;-200;-200;-200;963;-200;198;-200;-200;-200;-200;-200
17/12/2004;12.00.00;3,6;-200;-200;-200;-200;635;-200;213;-200;-200;-200;-200;-200
18/12/2004;00.00.00;2,1;1109;-200;7;855;244;787;121;1220;866;12,9;72,1;1,0658
18/12/2004;16.00.00;0,9;755;-200;3,6;690;157;1653;80;750;467;14,9;17,1;0,2875
18/12/2004;18.00.00;1,2;784;-200;4,6;744;219;1080;102;802;608;12,4;19,6;0,2797
18/12/2004;19.00.00;2,1;931;-200;9,9;972;424;868;132;974;953;11,9;21,3;0,2957
19/12/2004;02.00.00;1,6;928;-200;6,2;819;225;919;118;923;1006;6,4;43,7;0,4242
19/12/2004;17.00.00;3,6;1298;-200;13;1082;452;642;148;1287;1237;4,7;82,8;0,7157
20/12/2004;00.00.00;3,1;1185;-200;9,7;966;421;711;127;1250;1104;6,8;82,8;0,8216
20/12/2004;08.00.00;3,2;970;-200;5,3;776;295;873;108;1059;858;8,4;57,7;0,6376
20/12/2004;15.00.00;2,2;838;-200;3,8;699;152;1015;89;944;546;9,4;44,9;0,5296
20/12/2004;23.00.00;1,1;794;-200;3,6;687;170;1100;104;826;611;7,4;34,6;0,3576
21/12/2004;01.00.00;1,5;818;-200;4,3;725;246;1065;127;849;694;6,4;35,8;0,3471
21/12/2004;04.00.00;0,2;697;-200;0,5;437;44;1705;39;702;325;5,3;38,8;0,3473
22/12/2004;22.00.00;3,3;1121;-200;11,2;1023;504;725;169;1053;1354;4,8;45,1;0,3925
22/12/2004;23.00.00;1,9;956;-200;5,7;796;248;915;132;861;1084;4,5;43,9;0,3728
23/12/2004;21.00.00;7,2;1564;-200;26,3;1462;1076;472;228;1574;2181;6,3;57,9;0,5575
24/12/2004;03.00.00;3;1263;-200;10,5;997;-200;625;-200;1140;1960;4,7;60,8;0,5232
24/12/2004;04.00.00;2,4;1200;-200;8,7;929;288;664;132;1082;1847;4,2;63,1;0,5259
24/12/2004;07.00.00;3,9;1209;-200;9,5;958;379;666;138;1124;1662;5,3;61,1;0,5499
25/12/2004;07.00.00;2,2;1259;-200;9,1;944;268;631;111;1267;1622;8,9;70,4;0,8074
25/12/2004;10.00.00;3;1410;-200;11;1015;406;594;136;1319;1769;9,8;68,6;0,8324
25/12/2004;14.00.00;4;1424;-200;13,2;1090;507;566;176;1351;1896;12,2;61,1;0,8652
25/12/2004;19.00.00;4,8;1633;-200;18;1240;592;496;170;1555;1906;10,9;75,9;0,9868
26/12/2004;06.00.00;0,3;848;-200;0,7;464;54;1425;46;1062;438;10,9;80,3;1,0444
26/12/2004;17.00.00;2,1;1226;-200;6,9;853;321;725;129;1307;1029;13,6;68,9;1,0661
27/12/2004;11.00.00;1,6;1074;-200;6,4;832;244;748;119;1230;934;13,5;59,9;0,9261
27/12/2004;13.00.00;1,5;1045;-200;5,7;800;206;796;109;1193;839;14,4;57,1;0,9309
27/12/2004;17.00.00;2,2;1138;-200;6,9;854;262;735;117;1276;911;13,3;68,2;1,0356
28/12/2004;05.00.00;-200;835;-200;0,9;484;-200;1266;-200;961;432;10,7;62,5;0,802
28/12/2004;23.00.00;-200;1013;-200;3,6;687;-200;872;-200;1135;726;8,6;83,5;0,9372
29/12/2004;14.00.00;-200;914;-200;4,5;739;-200;870;-200;1025;714;11,6;46,8;0,6397
29/12/2004;16.00.00;-200;913;-200;4,5;735;-200;905;-200;1024;706;11,8;44,3;0,6141
29/12/2004;21.00.00;-200;934;-200;4,7;750;-200;891;-200;1035;798;10,7;47,7;0,6127
30/12/2004;22.00.00;-200;882;-200;3,1;660;-200;991;-200;922;727;8;47,6;0,5113
31/12/2004;01.00.00;-200;930;-200;4,8;752;-200;889;-200;981;820;6,9;50,3;0,5029
31/12/2004;19.00.00;-200;930;-200;5,3;781;-200;933;-200;906;866;9,3;33,6;0,3958
01/01/2005;03.00.00;2,7;1163;-200;7,6;881;-200;748;-200;1001;1296;4,9;53,9;0,4693
01/01/2005;18.00.00;4,7;1472;-200;16,6;1198;832;555;191;1344;1735;9;51,8;0,5961
01/01/2005;20.00.00;2,5;1198;-200;7,9;897;402;720;151;1072;1436;7,8;54,6;0,5786
01/01/2005;22.00.00;2,1;1118;-200;6,4;830;295;765;130;1058;1313;5,7;59,9;0,5523
02/01/2005;06.00.00;1;911;-200;2,4;613;148;992;82;934;861;2,4;71,9;0,5288
02/01/2005;10.00.00;1,6;1016;-200;4,9;760;254;835;112;1044;1016;4,1;65,8;0,5451
03/01/2005;03.00.00;2,7;-200;-200;-200;-200;-200;-200;-200;-200;-200;-200;-200;-200
03/01/2005;09.00.00;3,1;-200;-200;-200;-200;551;-200;175;-200;-200;-200;-200;-200
03/01/2005;17.00.00;3,3;-200;-200;-200;-200;487;-200;162;-200;-200;-200;-200;-200
05/01/2005;07.00.00;2,2;1333;-200;11,1;1019;411;576;126;1275;1612;7,9;70,6;0,7562
06/01/2005;01.00.00;1,7;1064;-200;5,4;785;210;769;116;1184;946;12,3;64,6;0,9229
06/01/2005;02.00.00;1,6;1059;-200;5,4;783;198;781;112;1188;877;12,5;63,8;0,9244
06/01/2005;05.00.00;0,9;1005;-200;3,4;679;89;875;67;1120;745;10,7;69,5;0,8919
06/01/2005;13.00.00;2;1186;-200;8,5;921;295;660;138;1310;1040;16,3;51,5;0,9462
06/01/2005;16.00.00;2;1185;-200;7,9;893;237;666;122;1312;1011;16,2;53;0,9687
07/01/2005;17.00.00;3,6;1404;-200;16,5;1195;590;499;170;1501;1623;11,2;65,3;0,8639
09/01/2005;00.00.00;1,7;1120;-200;6,3;826;242;750;127;1222;974;14;61,4;0,9773
09/01/2005;17.00.00;2,2;1210;-200;8,8;933;348;648;156;1327;1094;15,7;54,4;0,9616
09/01/2005;20.00.00;2,6;1260;-200;11,6;1034;419;588;153;1402;1208;14,7;56,6;0,9392
09/01/2005;21.00.00;2,5;1231;-200;9,6;962;412;625;151;1348;1192;14,4;58,2;0,9495
10/01/2005;00.00.00;2;1174;-200;7,4;873;288;672;137;1300;1071;13,7;63,6;0,9912
11/01/2005;20.00.00;4,7;1508;-200;24,5;1416;596;418;162;1773;1733;12,9;61,5;0,9139
12/01/2005;06.00.00;1,4;1095;-200;7,3;868;357;676;98;1241;1078;9,2;78,5;0,9143
12/01/2005;08.00.00;3,8;1478;-200;17,8;1234;852;470;138;1606;1551;8,7;79,4;0,8944
12/01/2005;11.00.00;3,5;1383;-200;16,5;1196;800;497;191;1514;1717;11,8;65,5;0,901
12/01/2005;14.00.00;3,1;1243;-200;15,2;1155;431;546;156;1473;1398;15,1;49,6;0,8428
12/01/2005;16.00.00;3,3;1284;-200;17,2;1216;476;522;166;1545;1415;15,8;48,9;0,8707
14/01/2005;18.00.00;5,7;1500;-200;26,1;1458;847;428;197;1750;1776;8,2;74,9;0,8187
14/01/2005;23.00.00;1,6;1094;-200;6,7;845;198;780;113;1127;1064;6,7;74,4;0,7344
15/01/2005;01.00.00;2,4;1097;-200;7,5;878;356;737;128;1140;1053;4,9;80,1;0,7011
15/01/2005;18.00.00;3,7;1361;-200;17,4;1223;640;525;182;1454;1648;8,7;66,3;0,7491
16/01/2005;02.00.00;2,1;1062;-200;7,6;884;293;748;128;1062;1172;5,1;65,5;0,5811
16/01/2005;21.00.00;1,5;912;-200;4,3;730;274;959;157;893;821;7,7;39;0,4106
16/01/2005;22.00.00;1,2;907;-200;3,9;705;199;995;130;880;767;7;41,5;0,4193
17/01/2005;10.00.00;3,1;1196;-200;14,7;1139;530;617;186;1271;1497;4,6;52,1;0,4472
17/01/2005;11.00.00;3,8;1214;-200;15,1;1153;721;612;208;1244;1626;8,2;40,5;0,4414
17/01/2005;12.00.00;2,7;1149;-200;13,4;1096;474;639;178;1219;1476;10,5;34,7;0,4393
18/01/2005;05.00.00;0,8;880;-200;2,5;618;125;1023;87;893;928;3,1;59,7;0,4604
18/01/2005;07.00.00;1,5;1039;-200;6,9;855;341;783;140;1025;1210;3,4;58,5;0,4608
18/01/2005;12.00.00;4,4;1488;-200;21,4;1336;999;479;211;1483;1985;5,1;64,3;0,5697
18/01/2005;15.00.00;4,6;1583;-200;26,1;1457;1065;431;243;1640;1994;5;75,5;0,6667
18/01/2005;16.00.00;4,8;1620;-200;24,7;1420;1098;436;224;1598;1971;5,2;76,2;0,6796
18/01/2005;18.00.00;4,9;1604;-200;27,7;1496;939;410;215;1733;1969;5;79,6;0,7022
18/01/2005;19.00.00;5,5;1582;-200;26;1455;875;423;216;1725;1813;5,1;83;0,7352
19/01/2005;04.00.00;-200;828;-200;1,1;506;75;1222;73;945;673;4,8;75,7;0,659
19/01/2005;06.00.00;-200;840;-200;1,2;515;72;1235;57;941;563;5;75;0,6627
20/01/2005;10.00.00;4,4;1326;-200;17,4;1223;854;547;190;1381;1613;8,3;50,5;0,5558
20/01/2005;17.00.00;4,5;1290;-200;21,9;1349;709;534;204;1386;1638;13,7;28,1;0,4381
21/01/2005;01.00.00;1,6;1053;-200;5,6;795;179;786;110;1039;1143;6,8;56,4;0,5609
21/01/2005;04.00.00;-200;1071;-200;5,9;808;221;757;101;1046;1172;5,4;65,9;0,5947
21/01/2005;12.00.00;4,5;1522;-200;22,5;1365;841;464;189;1526;2104;10,2;53,1;0,6608
21/01/2005;17.00.00;1,4;1411;-200;16,4;1191;570;519;135;1426;1920;13,4;51,2;0,7808
22/01/2005;03.00.00;0,9;1326;-200;13,1;1087;-200;571;-200;1333;1398;6,7;78,7;0,7779
22/01/2005;18.00.00;0,1;987;-200;8,6;925;310;776;148;1016;1066;13,4;27,2;0,4157
23/01/2005;21.00.00;-200;1075;-200;4,7;749;154;827;123;1050;899;7,3;68,1;0,6979
24/01/2005;02.00.00;0,1;1127;-200;7,6;884;248;704;136;1173;983;4;80,4;0,663
24/01/2005;15.00.00;1,1;1023;-200;8;898;256;759;148;1034;899;10,7;33,1;0,4256
26/01/2005;14.00.00;0,5;900;-200;4,8;751;197;891;129;913;637;4,9;45,3;0,3955
27/01/2005;07.00.00;0,7;827;-200;1,4;533;129;1198;91;775;488;4,6;38,1;0,3267
27/01/2005;16.00.00;1,5;905;-200;4,7;747;223;924;139;850;691;7;33,5;0,3367
28/01/2005;03.00.00;0,8;845;-200;1,4;534;-200;1146;-200;781;519;3,5;48;0,3822
28/01/2005;06.00.00;0,6;864;-200;1,6;554;105;1159;79;819;545;4,1;48,1;0,3975
28/01/2005;12.00.00;1,8;970;-200;5,7;798;325;842;191;941;874;4,5;49,6;0,421
29/01/2005;04.00.00;0,5;776;-200;0,5;445;37;1460;34;737;330;1,4;53,8;0,3687
30/01/2005;06.00.00;0,5;801;-200;0,6;454;51;1374;44;727;348;3;43,4;0,3337
30/01/2005;09.00.00;0,7;843;-200;1,2;520;113;1202;85;762;450;3,3;42,3;0,3299
30/01/2005;10.00.00;0,8;849;-200;1,4;537;107;1148;82;757;460;4,6;39;0,333
31/01/2005;04.00.00;0,4;791;-200;0,4;435;39;1486;37;668;292;3,7;37,7;0,3024
01/02/2005;03.00.00;0,9;1000;-200;3,3;670;-200;868;-200;917;1158;3,7;57,5;0,4621
01/02/2005;14.00.00;4,2;1432;-200;18,8;1264;660;487;179;1476;1888;11,8;44,4;0,6118
01/02/2005;17.00.00;3,6;1454;-200;16,3;1190;562;508;165;1434;1761;12,3;48,9;0,6967
02/02/2005;11.00.00;4,3;1337;-200;14,8;1143;693;560;205;1236;1769;9,7;40,1;0,4832
02/02/2005;16.00.00;1,8;1010;-200;9;940;329;759;124;960;1027;14,5;18;0,2956
03/02/2005;05.00.00;0,3;932;-200;2,9;645;142;916;105;882;1006;1,2;63,7;0,4327
03/02/2005;13.00.00;2,7;1322;-200;13,8;1110;565;568;241;1208;1776;12,2;34,3;0,4864
03/02/2005;23.00.00;2,1;1195;-200;9,1;943;378;645;203;1149;1462;6,5;63,1;0,6132
04/02/2005;16.00.00;1,4;987;-200;6,1;816;236;816;156;959;821;11,3;33,5;0,4476
04/02/2005;18.00.00;2,2;1096;-200;9,4;954;345;687;197;1085;1139;9,1;37,8;0,4372
04/02/2005;23.00.00;1,3;1017;-200;5,3;776;239;843;157;946;971;6;46,1;0,4351
05/02/2005;10.00.00;1,3;966;-200;4,9;760;302;877;200;890;940;7,5;39,2;0,4091
05/02/2005;17.00.00;0,9;900;-200;3,1;659;157;990;121;807;582;8,6;32,8;0,3669
05/02/2005;22.00.00;1,1;938;-200;3,5;685;214;934;157;870;840;4,9;43,7;0,3809
06/02/2005;22.00.00;1,1;896;-200;2,6;627;158;1033;126;782;610;5,4;36,6;0,3304
07/02/2005;03.00.00;0,6;861;-200;1,2;518;-200;1141;-200;738;482;3,9;39,9;0,325
07/02/2005;11.00.00;1,7;1029;-200;6,5;835;262;771;182;897;1002;10,8;25,2;0,3251
08/02/2005;08.00.00;2,1;1223;-200;10;979;455;658;224;1120;1332;6;46,4;0,4367
08/02/2005;10.00.00;2,2;1114;-200;8,6;922;410;689;225;1022;1223;8,7;36,3;0,4074
08/02/2005;13.00.00;1,5;1047;-200;6,9;854;238;753;158;959;904;12,7;27,4;0,4011
09/02/2005;03.00.00;0,8;-200;-200;-200;-200;-200;-200;-200;-200;-200;-200;-200;-200
09/02/2005;04.00.00;-200;-200;-200;-200;-200;88;-200;83;-200;-200;-200;-200;-200
09/02/2005;22.00.00;2,2;-200;-200;-200;-200;228;-200;157;-200;-200;-200;-200;-200
10/02/2005;02.00.00;1,6;-200;-200;-200;-200;108;-200;95;-200;-200;-200;-200;-200
11/02/2005;09.00.00;5,9;-200;-200;-200;-200;700;-200;296;-200;-200;-200;-200;-200
11/02/2005;10.00.00;5,4;-200;-200;-200;-200;747;-200;291;-200;-200;-200;-200;-200
11/02/2005;17.00.00;6,6;-200;-200;-200;-200;1227;-200;326;-200;-200;-200;-200;-200
11/02/2005;21.00.00;4;1521;-200;16,8;1203;490;476;207;1400;2141;8,5;50,9;0,5664
12/02/2005;15.00.00;3,3;1507;-200;15,7;1170;574;488;224;1392;1999;11;51,4;0,6725
12/02/2005;16.00.00;3,4;1540;-200;16,7;1202;582;475;225;1440;2008;10,9;52;0,6796
13/02/2005;02.00.00;3,1;1574;-200;13,3;1093;478;497;180;1451;1808;9,4;77,7;0,9203
13/02/2005;03.00.00;2,7;1458;-200;11,3;1024;-200;530;-200;1413;1571;9,6;78,7;0,9429
13/02/2005;05.00.00;2,9;1491;-200;11,5;1031;373;515;153;1387;1541;8,5;82,9;0,9243
13/02/2005;18.00.00;2,6;1238;-200;11,6;1037;212;583;132;1388;1000;15,5;40,7;0,7103
14/02/2005;06.00.00;0,7;995;-200;2,9;646;121;895;81;1053;818;6,9;70;0,6997
14/02/2005;22.00.00;1,7;950;-200;6,6;839;287;834;169;878;977;9,4;24,8;0,2923
15/02/2005;14.00.00;1,4;874;-200;4,8;751;199;918;135;792;591;12;19,3;0,2716
15/02/2005;20.00.00;3,1;1149;-200;14,2;1124;410;623;187;1141;1405;8,9;26,9;0,3069
16/02/2005;05.00.00;0,8;1033;-200;3,8;701;224;782;137;883;1206;3,2;52,4;0,4071
16/02/2005;06.00.00;0,9;1080;-200;5,1;768;237;732;140;924;1305;3,6;51,7;0,4123
17/02/2005;05.00.00;0,5;883;-200;1;496;49;1140;46;804;478;6,9;45;0,4499
18/02/2005;17.00.00;2,4;1109;-200;10,3;989;375;664;141;1096;1133;11,1;32,2;0,4243
18/02/2005;18.00.00;2,8;1182;-200;12,6;1071;395;617;204;1187;1298;9,7;36;0,4333
20/02/2005;02.00.00;2,2;1228;-200;8,3;913;293;643;174;1124;1396;7,8;50;0,53
20/02/2005;14.00.00;1;1017;-200;2,4;613;131;919;104;1007;551;8;65;0,6991
20/02/2005;16.00.00;1,3;1037;-200;3,2;665;156;854;114;1013;633;8,6;57,3;0,6429
20/02/2005;19.00.00;1,1;1016;-200;2,9;647;154;906;119;997;649;7,1;62,6;0,6341
22/02/2005;07.00.00;1,5;1124;-200;6,7;842;313;690;178;1180;981;3,4;84,5;0,6677
22/02/2005;10.00.00;3,5;1266;-200;15;1149;559;528;255;1435;1370;6,1;74;0,7025
22/02/2005;21.00.00;2,7;1122;-200;8,5;919;339;680;218;1201;981;4,3;79,5;0,6648
22/02/2005;23.00.00;0,9;935;-200;2,6;628;126;995;111;986;611;4,4;77,1;0,6523
23/02/2005;16.00.00;2,3;1140;-200;9,2;946;377;653;224;1231;1076;5,4;75,9;0,6875
24/02/2005;06.00.00;0,8;968;-200;3;652;197;937;131;1051;788;3,6;84,4;0,6724
24/02/2005;07.00.00;1,5;1071;-200;5,5;787;290;755;170;1146;947;3,8;83,8;0,6771
24/02/2005;13.00.00;1,7;1121;-200;7,4;873;317;697;195;1206;1000;6,7;76,2;0,7519
24/02/2005;15.00.00;2,2;1205;-200;10,7;1002;385;612;212;1299;1214;8,5;66,3;0,7387
25/02/2005;01.00.00;2,1;1146;-200;7,1;860;326;692;189;1181;1092;5,2;83,9;0,7487
25/02/2005;13.00.00;2,1;1051;-200;8,4;914;317;707;167;1122;913;10,9;44,8;0,5849
25/02/2005;21.00.00;2,3;1059;-200;8,1;905;356;735;179;1098;1130;7,3;52,8;0,5404
26/02/2005;05.00.00;1,3;942;-200;3,6;688;161;897;115;947;882;3,8;66,2;0,5359
26/02/2005;07.00.00;1;855;-200;1,9;578;144;1121;108;855;599;5,7;54,3;0,5022
26/02/2005;15.00.00;2,6;929;-200;2,9;645;148;962;108;906;524;9,7;45,1;0,5417
27/02/2005;13.00.00;1,8;943;-200;4,1;714;191;898;131;868;609;10,3;32,9;0,4131
27/02/2005;14.00.00;1,1;895;-200;2,5;622;149;1012;115;804;471;10;35,5;0,4346
28/02/2005;00.00.00;1,6;947;-200;3,8;697;215;913;150;878;698;4;50;0,4115
01/03/2005;16.00.00;1;830;-200;3;655;198;1045;113;710;467;4,1;28,6;0,2363
01/03/2005;17.00.00;0,9;833;-200;3;653;186;1073;110;708;448;3,9;29,2;0,2378
01/03/2005;20.00.00;2,8;1009;-200;9,5;958;342;751;156;935;1006;1,4;36,5;0,2503
03/03/2005;08.00.00;3;1457;-200;15,6;1167;648;496;175;1422;1785;3,8;72,4;0,5867
03/03/2005;10.00.00;2,1;1111;-200;8,8;931;389;687;186;1069;1368;7,3;39,4;0,4035
03/03/2005;15.00.00;1,5;1108;-200;5,4;783;272;758;151;1115;964;6;70,1;0,6577
03/03/2005;16.00.00;1,7;1124;-200;5,5;787;291;740;151;1147;941;6,3;72,1;0,6907
03/03/2005;20.00.00;4,2;1396;-200;15,5;1164;639;508;196;1488;1412;4,3;84;0,7051
04/03/2005;04.00.00;0,6;888;-200;1,3;526;96;1134;92;912;744;4,5;65,1;0,5547
04/03/2005;08.00.00;3,7;1393;-200;16,8;1204;719;506;167;1497;1568;3,7;74,4;0,5992
04/03/2005;15.00.00;3,9;1344;-200;16,1;1182;470;525;194;1411;1545;12,5;43,4;0,6298
05/03/2005;01.00.00;2,1;1136;-200;6,8;849;344;715;164;1132;1216;5,4;65,8;0,5935
05/03/2005;02.00.00;1,7;1000;-200;4;712;270;848;157;989;971;5,8;59,6;0,5523
05/03/2005;21.00.00;3,2;1225;-200;10,2;985;464;635;199;1255;1169;7,2;69,5;0,7084
06/03/2005;20.00.00;2,1;1032;-200;5,3;778;270;834;185;926;869;8;41,2;0,4433
07/03/2005;17.00.00;1,7;973;-200;6,3;827;351;825;176;888;846;9,4;27,3;0,3216
07/03/2005;20.00.00;4,2;1176;-200;15,4;1162;468;600;224;1137;1363;6,1;33,3;0,3152
08/03/2005;03.00.00;0,8;876;-200;1,9;576;-200;1040;-200;815;900;1;56,7;0,3803
08/03/2005;08.00.00;3,4;1317;-200;18,3;1247;667;558;182;1360;1571;0,9;59,1;0,3913
08/03/2005;09.00.00;5,5;1402;-200;26,3;1462;867;449;223;1599;1885;4,1;47,9;0,3959
08/03/2005;10.00.00;4,1;1222;-200;16,3;1188;666;554;219;1265;1683;7,7;34,6;0,3652
08/03/2005;11.00.00;3;1109;-200;12,3;1060;595;650;215;1091;1412;10,9;25,7;0,3341
08/03/2005;12.00.00;1,9;959;-200;7,4;875;421;797;191;864;1006;13,7;17,4;0,2715
08/03/2005;21.00.00;3,2;1250;-200;13,3;1094;500;600;215;1198;1629;8,5;42,4;0,4716
08/03/2005;22.00.00;2,4;1156;-200;8,4;916;463;687;206;1055;1490;7,5;44;0,4564
08/03/2005;23.00.00;1,4;1064;-200;5,4;783;258;785;167;954;1319;6,6;46;0,4505
09/03/2005;23.00.00;1,8;1177;-200;6,6;837;265;670;137;1161;1448;8,3;64,2;0,7071
10/03/2005;00.00.00;1,6;1135;-200;5,7;800;196;705;123;1130;1304;7,8;65,5;0,6961
10/03/2005;01.00.00;1,3;1070;-200;4,5;739;155;767;109;1070;1186;7,5;65,9;0,6868
10/03/2005;12.00.00;2,3;1223;-200;10,6;999;428;578;161;1258;1547;17,4;33,2;0,6535
10/03/2005;17.00.00;1,9;1048;-200;8,6;925;284;721;137;1022;941;19,8;16;0,3632
11/03/2005;03.00.00;0,8;930;-200;2,4;609;120;968;90;864;928;5,7;50,1;0,4629
12/03/2005;08.00.00;0,1;1053;-200;3,3;671;132;807;88;1137;570;10,6;66,1;0,8444
12/03/2005;09.00.00;0,2;1140;-200;5,8;800;178;679;109;1209;782;12,6;58,5;0,8517
12/03/2005;10.00.00;0,6;1136;-200;6,2;822;218;653;130;1184;744;15;48,6;0,8253
12/03/2005;11.00.00;0,7;1180;-200;6,7;846;246;646;137;1206;791;14,2;51,5;0,8313
12/03/2005;12.00.00;0,6;1131;-200;5,6;792;252;678;145;1177;749;15,1;48,6;0,8266
12/03/2005;16.00.00;0,4;1096;-200;5,5;788;191;699;114;1115;583;17,6;35,5;0,7065
13/03/2005;18.00.00;0,8;1217;-200;7,1;861;282;642;135;1234;898;16,4;43,5;0,8055
15/03/2005;02.00.00;0,7;960;-200;2;582;90;933;69;1062;657;11,1;66,1;0,8738
15/03/2005;06.00.00;0,6;981;-200;2,4;610;145;867;88;1068;856;9,3;67,9;0,7969
15/03/2005;18.00.00;3,9;1413;-200;21,6;1339;521;464;196;1611;1533;20,3;29,7;0,6973
15/03/2005;23.00.00;1,5;1128;-200;6,1;818;244;674;149;1156;1303;13,2;51,6;0,7765
16/03/2005;03.00.00;0,7;969;-200;2;584;133;904;93;1021;899;10,7;59,6;0,7673
16/03/2005;21.00.00;4,9;1545;-200;23,5;1390;582;423;229;1676;1915;16,9;42,9;0,8222
17/03/2005;02.00.00;0,9;1013;-200;3,3;671;123;817;104;1056;986;12,6;53,7;0,7793
17/03/2005;09.00.00;5,6;1583;-200;26,1;1457;745;376;189;1808;1976;13,2;51;0,7704
17/03/2005;16.00.00;2,2;1216;-200;10,9;1013;322;576;161;1277;967;27,8;20;0,7378
18/03/2005;01.00.00;1,3;1076;-200;5,1;770;195;721;134;1093;1107;11,9;53,4;0,7414
18/03/2005;22.00.00;2;1202;-200;7,2;864;282;620;159;1255;1115;13,3;60,5;0,9168
19/03/2005;05.00.00;0,9;1005;-200;2,5;620;111;846;83;1098;572;12,1;67,3;0,948
19/03/2005;12.00.00;2,2;1242;-200;8,9;935;297;584;164;1327;1127;15,8;51,3;0,9144
20/03/2005;11.00.00;2,4;1209;-200;8,8;933;334;581;166;1329;1058;17;47,5;0,9146
21/03/2005;00.00.00;1,5;1107;-200;5,3;777;183;697;99;1221;945;13,1;66,1;0,9913
21/03/2005;01.00.00;1,6;1095;-200;4,7;746;177;716;104;1217;916;13,3;66,4;1,0128
21/03/2005;02.00.00;1,1;1027;-200;3,3;673;126;794;95;1160;770;13,3;67;1,0207
21/03/2005;03.00.00;0,8;996;-200;2,7;631;100;845;81;1153;697;13,1;68,6;1,0288
21/03/2005;08.00.00;3,2;1476;-200;17,3;1219;487;459;141;1673;1561;13,5;63,9;0,9875
21/03/2005;09.00.00;6,1;1653;-200;31;1573;723;345;174;2147;1920;14,7;59,8;0,9928
21/03/2005;10.00.00;4,3;1403;-200;15,4;1161;614;487;178;1576;1583;15,9;56,6;1,0147
21/03/2005;11.00.00;2,6;1241;-200;10,9;1011;395;545;163;1428;1274;18,3;49,4;1,0264
21/03/2005;16.00.00;2;1235;-200;9,2;947;241;594;131;1362;923;22,8;35,3;0,9693
23/03/2005;16.00.00;2,2;1216;-200;12;1050;361;564;149;1311;1244;23,3;23,8;0,6738
23/03/2005;21.00.00;3,9;1445;-200;18,8;1263;551;464;194;1500;1844;18,8;37,3;0,8031
24/03/2005;06.00.00;0,4;949;-200;2,3;607;105;884;74;1043;851;12,9;56;0,8292
24/03/2005;07.00.00;0,7;1073;-200;4,9;760;173;727;73;1128;1052;11,9;59,6;0,8294
24/03/2005;11.00.00;3,2;1474;-200;15,3;1158;653;469;155;1476;1802;18,2;43,2;0,8926
24/03/2005;12.00.00;3,2;1611;-200;17,8;1233;690;413;140;1687;1741;16;67,9;1,2217
24/03/2005;13.00.00;3,3;1590;-200;17,3;1219;602;410;147;1677;1830;17,6;59,7;1,188
24/03/2005;14.00.00;3;1422;-200;14,1;1120;489;476;161;1525;1696;20,9;43,4;1,0618
25/03/2005;00.00.00;2;1320;-200;9,3;950;316;542;135;1428;1426;16,2;66,3;1,208
25/03/2005;07.00.00;1;1138;-200;5,4;782;228;705;100;1321;926;14,1;75,5;1,2065
26/03/2005;00.00.00;2,5;1372;-200;12,1;1054;350;504;128;1534;1463;17,1;66,9;1,2926
26/03/2005;10.00.00;2,3;1347;-200;10,6;1000;369;510;115;1490;1450;18,4;60,2;1,2623
26/03/2005;17.00.00;2,2;1269;-200;10,7;1005;260;553;112;1463;1136;24,3;38,4;1,1503
26/03/2005;20.00.00;2;1183;-200;8,4;914;263;604;119;1387;1078;18,7;54,5;1,1644
27/03/2005;05.00.00;0,8;977;-200;2,3;605;102;852;68;1212;841;15,8;65,4;1,1629
27/03/2005;12.00.00;1,5;1182;-200;5;761;206;677;97;1338;1019;17,5;67,1;1,3342
27/03/2005;13.00.00;1,3;1082;-200;3,8;700;160;759;91;1286;842;18,1;62,8;1,2916
27/03/2005;18.00.00;1,6;1153;-200;4,4;734;272;712;122;1324;811;13,8;83,5;1,3154
27/03/2005;21.00.00;1,9;1172;-200;6;810;237;637;115;1376;964;14,1;81,4;1,3046
28/03/2005;04.00.00;0,8;951;-200;2;583;89;905;63;1212;624;13,9;79,6;1,2616
29/03/2005;02.00.00;0,8;923;-200;2,2;596;103;908;72;1148;762;13,4;70,4;1,0793
29/03/2005;10.00.00;3,3;1303;-200;14,4;1128;460;489;152;1573;1541;17,7;55,6;1,112
30/03/2005;10.00.00;2,7;1202;-200;12,1;1055;433;534;158;1458;1293;18,6;49,5;1,052
30/03/2005;13.00.00;1,8;1082;-200;8,3;910;225;629;125;1301;875;25,6;28,5;0,9199
30/03/2005;22.00.00;1,4;1066;-200;5,8;802;172;689;117;1282;1090;16;61,9;1,115
02/04/2005;00.00.00;1,5;965;-200;5,8;803;280;802;174;951;889;13,1;32;0,4817
02/04/2005;08.00.00;0,9;903;-200;2,5;618;183;933;121;899;575;14,2;36,9;0,5939
02/04/2005;09.00.00;0,8;899;-200;2,7;631;145;955;103;884;505;15,6;33,3;0,5861
02/04/2005;10.00.00;1;890;-200;2,7;634;150;952;102;856;471;16,3;30;0,5514
02/04/2005;11.00.00;0,8;877;-200;2,7;632;138;993;95;834;421;17;26,1;0,5036
02/04/2005;12.00.00;0,8;867;-200;2,4;613;134;1019;93;817;389;19,3;22,3;0,495
02/04/2005;13.00.00;1;892;-200;2,4;614;137;986;95;843;408;20,5;21,9;0,5215
02/04/2005;14.00.00;0,8;889;-200;2,3;603;112;1022;80;853;382;22;20,2;0,5274
02/04/2005;15.00.00;0,8;900;-200;2,5;622;112;1008;81;861;387;21,7;20,9;0,5367
02/04/2005;16.00.00;0,9;910;-200;2,9;644;149;971;106;873;428;21,6;20,8;0,5292
02/04/2005;17.00.00;1,1;947;-200;3,5;682;159;906;113;928;488;21;22,3;0,5468
02/04/2005;18.00.00;1,1;947;-200;4;708;161;858;117;958;556;18,6;26,6;0,5631
02/04/2005;19.00.00;1,2;936;-200;3,5;685;171;866;124;942;568;15,5;33,9;0,5957
02/04/2005;20.00.00;1,1;925;-200;2,9;645;167;904;122;930;546;14,3;38;0,6162
02/04/2005;21.00.00;0,8;885;-200;1,8;567;116;1021;87;872;428;13,5;39,4;0,6089
02/04/2005;22.00.00;0,7;891;-200;1,8;567;105;1031;79;881;418;13,1;41,3;0,6184
02/04/2005;23.00.00;0,7;904;-200;2,1;593;125;1012;93;894;472;13,5;37,8;0,5815
03/04/2005;00.00.00;0,8;929;-200;2,5;617;140;953;102;898;544;13,5;37,4;0,5745
03/04/2005;01.00.00;0,8;951;-200;2,8;642;109;895;86;929;666;12,7;40,8;0,5977
03/04/2005;02.00.00;0,7;938;-200;2,7;631;99;882;77;931;679;12;44,2;0,6177
03/04/2005;03.00.00;0,8;921;-200;2,8;642;120;861;88;948;768;10,5;48,7;0,6164
03/04/2005;04.00.00;0,5;850;-200;2;583;83;955;64;914;589;10,1;49,7;0,6122
03/04/2005;05.00.00;0,3;811;-200;1;494;60;1118;46;872;470;9,6;51;0,6082
03/04/2005;06.00.00;0,4;848;-200;1,3;530;75;1072;55;901;523;9,1;52,4;0,6074
03/04/2005;07.00.00;0,6;882;-200;1,7;563;127;978;84;936;660;8,9;52,7;0,6034
03/04/2005;08.00.00;0,7;936;-200;2,4;611;134;911;89;949;741;13,5;40;0,6168
03/04/2005;09.00.00;1,2;1022;-200;4,1;715;192;806;118;1004;831;17,8;30,7;0,6205
03/04/2005;10.00.00;1,4;970;-200;3,4;677;166;888;113;931;613;21,1;23,7;0,5875
03/04/2005;11.00.00;1,3;1000;-200;5,3;779;171;805;115;1001;640;24;19,3;0,5673
03/04/2005;12.00.00;1,4;996;-200;5,3;781;177;806;124;985;631;26,5;16,4;0,5594
03/04/2005;13.00.00;1;928;-200;3,8;701;119;926;86;902;456;28,7;13,7;0,5302
03/04/2005;14.00.00;1;933;-200;4,2;722;121;899;87;890;450;28,5;13,1;0,5002
03/04/2005;15.00.00;1,1;956;-200;5,4;783;142;857;100;896;516;30;11,1;0,4624
03/04/2005;16.00.00;1,3;968;-200;6,3;826;197;867;132;898;548;29,4;10,4;0,4192
03/04/2005;17.00.00;1,4;953;-200;6,1;817;242;872;156;891;603;28,9;9,9;0,3866
03/04/2005;18.00.00;1,2;1015;-200;4,6;743;190;851;138;981;597;22,8;21,7;0,5945
03/04/2005;19.00.00;2,7;1248;-200;11,1;1018;367;599;181;1289;1167;19,9;33;0,7608
03/04/2005;20.00.00;2,5;1180;-200;7,9;894;355;636;187;1200;1372;17,5;40,7;0,8073
03/04/2005;21.00.00;1,5;1102;-200;6;812;235;693;158;1178;1042;16,4;46,6;0,8642
03/04/2005;22.00.00;1,6;1116;-200;5,8;803;233;696;153;1173;1055;15,5;49;0,8579
03/04/2005;23.00.00;1,2;1100;-200;5,1;769;170;722;128;1147;1049;14,3;52,5;0,8497
04/04/2005;00.00.00;0,9;1012;-200;3,5;683;117;801;93;1073;816;14,2;51,4;0,8275
04/04/2005;01.00.00;0,6;944;-200;1,9;579;70;925;58;1002;598;13,8;51,2;0,8058
04/04/2005;02.00.00;0,5;912;-200;1,5;544;69;959;55;1002;573;12,1;56,3;0,7927
04/04/2005;03.00.00;0,4;887;-200;1,1;508;62;1047;51;974;549;11,3;58,9;0,7888
04/04/2005;04.00.00;-200;864;-200;0,8;478;52;1116;43;958;489;11,8;56;0,7743
04/04/2005;05.00.00;0,5;888;-200;1,3;528;77;1077;53;987;578;10,4;59,9;0,755
04/04/2005;06.00.00;1,1;1031;-200;4,4;730;182;760;93;1129;905;9,5;63,1;0,7531
04/04/2005;07.00.00;4;1384;-200;17,4;1221;594;470;155;1600;1457;9,7;61,9;0,7446
